,Androgen,EGFR,Estrogen,Hypoxia,JAK-STAT,MAPK,NFkB,PI3K,TGFb,TNFa,Trail,VEGF,WNT,p53
1110032A03Rik,0,0,0,0,0,0,0,-3.334272747,0,0,0,0,0,0
1110032F04Rik,0,0,0,0,0,0,0,0,4.809037463,0,0,0,0,0
1700029J07Rik,0,0,0,6.053300922,0,0,0,0,0,0,0,0,0,0
1700057G04Rik,0,0,0,0,1.664712396,0,0,0,0,0,0,0,0,0
1700123L14Rik,0,0,0,0,0,0.887355368,0,0,0,0,0,0,0,0
1810011H11Rik,0,0,0,0,0,0,0,0,0,0,2.038952181,0,0,0
1810037I17Rik,0,0,0,7.437918888,0,0,0,0,0,0,0,0,0,0
2010005H15Rik,0,0,0,0,0,0,0,0,0,0,0,0,0,0.750506475
2310007B03Rik,0,0,0,0,0,0,0,0,0,0,0,0,2.506209557,0
4921536K21Rik,0,0,0,0,0,0,0,12.23980896,0,0,0,0,0,0
6030468B19Rik,0,0,0,0,0,0,0,0,0,0,2.213003215,0,0,0
6430548M08Rik,0,0,-3.623154969,0,0,0,0,0,0,0,0,0,0,0
9930012K11Rik,0,0,0,3.107871435,0,0,0,0,0,0,0,0,0,0
A230050P20Rik,0,0,0,0,5.47812605,0,0,0,0,0,0,0,0,0
AA986860,11.38685239,0,0,0,0,0,0,0,0,0,0,0,0,0
Abca12,0,0,0,0,0,0,0,0,0,0,0,0,0,9.597182119
Abca6,0,0,0,0,0,0,0,0,-3.271536895,0,0,0,0,0
Abca8b,0,0,0,0,0,0,0,0,-1.70924508,0,0,0,0,0
Abcc4,9.374284781,0,0,0,0,0,0,0,0,0,0,0,0,0
Abcc5,0,0,-4.85498783,0,0,0,0,0,0,0,0,0,0,0
Acer2,0,0,0,0,0,0,0,0,0,0,0,0,0,11.59606439
Acox3,0,0,0,0,0,0,0,0,2.721528765,0,0,0,0,0
Acpp,-3.014728098,0,0,0,0,0,0,0,0,0,0,0,0,0
Acsl3,8.258213586,0,0,0,0,0,0,0,0,0,0,0,0,0
Actc1,0,0,0,0,0,0,0,0,3.337429797,0,0,0,0,0
Adam12,0,0,0,0,0,0,0,0,3.968304535,0,0,0,0,0
Adam7,3.111745307,0,0,0,0,0,0,0,0,0,0,0,0,0
Adamts17,0,0,0,0,0,0,0,0,0,0,-1.577349257,0,0,0
Adar,0,0,0,0,3.874928961,0,0,0,0,0,0,0,0,0
Adcy9,0,0,3.247881998,0,0,0,0,0,0,0,0,0,0,0
Adgrd1,0,0,0,0,0,0,0,0,0,0,0,-3.686645233,0,0
Adm,0,0,0,17.82569614,0,0,0,0,0,0,0,0,0,0
Adora1,0,1.267810008,5.023792259,0,0,0,0,0,0,0,0,0,0,0
Adprm,4.133488719,0,0,0,0,0,0,0,0,0,0,0,0,0
Aebp1,0,0,0,0,0,0,0,-4.092610788,0,0,0,0,0,0
Aen,0,2.987402897,0,0,0,3.216118265,0,0,0,0,0,0,0,0
Aff3,2.480092441,0,0,0,0,0,0,0,0,0,0,0,0,0
Ahrr,0,0,0,0,0,0,0,0,0,0,0,18.50422252,0,0
Aire,0,0,0,0,0,0,0,0,0,0,0,0,0.756269897,0
Ajuba,0,-3.193264663,0,0,0,0,0,0,0,0,0,0,0,0
Ak1,0,0,0,0,0,0,0,0,0,0,0,0,0,4.352992415
Ak4,0,0,0,9.693023501,0,0,0,0,0,0,0,0,0,0
Ak5,0,0,0,0,0,0,0,0,-3.35713244,0,0,0,0,0
Akr1b10,0,0,0,0,0,0,0,0,0,0,0,0,0,3.440692447
Akr1b3,0,0,0,0,0,0,0,0,0,6.596693036,0,0,0,0
Akr1b7,0,0,0,0,0,0,0,0,0,0,0,0,0,3.440692447
Akr1b8,0,0,0,0,0,0,0,0,0,0,0,0,0,3.440692447
Aldh1a1,0,0,0,0,0,0,0,0,0,0,0,-3.201254164,0,0
Aldh1a7,0,0,0,0,0,0,0,0,0,0,0,-3.201254164,0,0
Aldoa,0,0,0,2.55155936,0,0,0,0,0,0,0,0,0,0
Aldoart1,0,0,0,2.55155936,0,0,0,0,0,0,0,0,0,0
Aldoart2,0,0,0,2.55155936,0,0,0,0,0,0,0,0,0,0
Aldoc,0,0,0,13.16152364,0,0,0,0,0,0,0,0,0,0
Alox12,0,0,0,0,0,0,0,0,0,0,0,0,-2.388091688,0
Amigo1,0,0,0,0,0,0,0,-6.000321013,0,0,0,0,0,0
Anapc16,0,-1.821018358,0,0,0,0,0,0,0,0,0,0,0,0
Angpt1,0,0,0,0,0,0,0,0,0,0,0,0,-1.926171703,0
Angptl4,0,0,0,12.64069065,0,0,0,0,0,0,0,0,0,0
Ankle2,0,0,0,0,0,0,2.211976322,0,0,2.36793168,0,0,0,0
Ankra2,0,0,0,0,0,0,0,0,0,0,0,0,0,10.88963097
Ankrd1,0,0,0,0,0,0,0,0,0,0,0,0,5.753441044,0
Ankrd33b,0,0,0,0,0,0,4.494298725,0,0,0,0,0,0,0
Ankrd37,0,0,0,8.484976152,0,0,0,0,0,0,0,0,0,0
Anks1b,0,0,0,0,0,0,0,0,0,0,0,-2.577518491,0,0
Ankzf1,0,0,0,7.358162866,0,0,0,0,0,0,0,0,0,0
Ano2,0,0,0,0,0,0,0,0,0,0,0,0,1.362200224,0
Apba3,0,0,0,0,0,0,0,0,0,2.177085765,0,0,0,0
Apbb1,0,0,0,0,0,0,0,0,0,0,0,0,-1.015287903,0
Apoc1,0,0,0,0,0,0,0,-5.061310147,0,0,0,0,0,0
Apol10a,0,0,0,0,0.371887042,0,0,0,0,0,0,0,0,0
Apol10b,0,0,0,0,0.371887042,0,0,0,0,0,0,0,0,0
Apol11a,0,0,0,0,0.371887042,0,0,0,0,0,0,0,0,0
Apol11b,0,0,0,0,0.371887042,0,0,0,0,0,0,0,0,0
Apol6,0,0,0,0,6.474920883,0,0,0,0,0,0,0,0,0
Apol7a,0,0,0,0,0.371887042,0,0,0,0,0,0,0,0,0
Apol7b,0,0,0,0,0.371887042,0,0,0,0,0,0,0,0,0
Apol7c,0,0,0,0,0.371887042,0,0,0,0,0,0,0,0,0
Apol7e,0,0,0,0,0.371887042,0,0,0,0,0,0,0,0,0
Apol8,0,0,0,0,0.371887042,0,0,0,0,0,0,0,0,0
Apol9a,0,0,0,0,0.371887042,0,0,0,0,0,0,0,0,0
Apol9b,0,0,0,0,0.371887042,0,0,0,0,0,0,0,0,0
Arhgap11a,0,0,0,0,0,0,0,0,0,0,0,0,0,-7.976226363
Arhgef17,0,0,0,0,0,-1.396891091,0,0,0,0,0,0,0,0
Arhgef26,5.31107976,0,0,0,0,0,0,0,0,0,0,0,0,0
Arl3,0,0,3.950948051,0,0,0,0,0,0,0,0,0,0,0
Arl4c,0,0,0,0,0,0,0,0,0,0,0,0,3.273428465,0
Armcx6,0,0,3.363902405,0,0,0,0,0,0,0,0,0,0,0
Arsj,0,0,0,0,0,0,0,7.061080782,0,0,0,0,0,0
Art4,0,0,0,0,0,0,0,0,0,0,0,-2.064522496,0,0
Asb13,0,0,6.993942594,0,0,0,0,0,0,0,0,0,0,0
Asb4,0,0,0,0,0,0,0,0,0,0,0,0,-0.728762799,0
Asb8,0,0,0,0,0,-1.693996154,0,0,0,0,0,0,0,0
Atg2b,0,-1.645580447,0,0,0,0,0,0,0,0,0,0,0,0
Atp10a,0,0,0,0,0,0,0,0,2.784857147,0,0,0,0,0
Atp2a3,0,0,-2.882025838,0,0,0,0,0,0,0,0,0,0,0
Atp6v1g2,0,0,0,0,0,0,0,-7.237346228,0,0,0,0,0,0
Avpr1a,0,0,0,0,0,0,0,0,0,0,0,0,-0.583503379,0
Azgp1,5.818350097,0,0,0,0,0,0,0,0,0,0,0,0,0
B3gnt2,0,0,0,0,0,0,0,0,0,0,0,0,2.166410855,0
B4galt1,0,0,0,0,0,0,2.536198718,0,0,2.745853261,0,0,0,0
BC100530,0,0,0,0,0,0,0,0,0,0,0,0,0,0.750506475
BC117090,0,0,0,0,0,0,0,0,0,0,0,0,0,0.750506475
Baat,0,0,0,0,0,0,0,-3.557538781,0,0,0,0,0,0
Bach2,0,0,0,0,0,0,0,0,0,0,1.939233902,0,0,0
Batf2,0,0,0,0,8.613495106,0,0,0,0,0,0,0,0,0
Bcar3,0,0,0,0,0,0,0,0,0,0,0,5.832010393,0,0
Bckdk,0,0,0,2.645038792,0,0,0,0,0,0,0,0,0,0
Bcl2a1a,0,0,0,0,0,0,2.883384914,0,0,3.445001522,0,0,0,0
Bcl2a1b,0,0,0,0,0,0,2.883384914,0,0,3.445001522,0,0,0,0
Bcl2a1c,0,0,0,0,0,0,2.883384914,0,0,3.445001522,0,0,0,0
Bcl2a1d,0,0,0,0,0,0,2.883384914,0,0,3.445001522,0,0,0,0
Bcor,0,0,0,0,0,0,0,0,2.735746493,0,0,0,0,0
Bdh2,0,0,0,0,0,-2.496590868,0,0,0,0,0,0,0,0
Bdkrb1,0,0,0,0,0,0,0,0,0,4.922306052,0,0,0,0
Begain,0,0,0,0,0,0,0,-4.196477167,0,0,0,0,0,0
Bend4,0,0,0,0,0,0,0,0,0,0,0,-2.470928435,0,0
Bgn,0,0,0,0,0,0,0,0,3.23784,0,0,0,0,0
Bhlhe40,0,0,0,15.2423596,0,0,0,0,0,0,0,0,0,0
Bhmt,0,0,0,0,0,0,0,0,0,0,0.638336192,0,0,0
Bid,0,0,0,0,0,0,4.729823539,0,0,5.604131763,0,0,0,0
Birc2,0,0,0,0,0,0,4.011379329,0,0,4.671661251,0,0,0,0
Birc3,0,0,0,0,0,0,12.45761217,0,0,13.5820455,0,0,0,0
Bloc1s2,0,0,0,0,0,0,0,0,0,0,0,0,0,7.412623261
Bmp2,0,0,0,0,0,0,0,0,0,8.582446165,0,0,0,0
Bmp4,0,0,0,0,0,0,0,0,0,0,0,0,5.936831073,0
Bmp7,0,0,0,0,0,0,0,0,0,0,0,0,2.093071618,0
Bmpr1b,4.634084505,0,0,0,0,0,0,0,0,0,0,0,0,0
Bmpr2,0,0,0,0,0,0,0,0,4.015505031,0,0,0,0,0
Bnc1,0,0,0,0,0,0,0,0,0,0,0,0,1.582251393,0
Bnip3,0,0,0,19.41797404,0,0,0,0,0,0,0,0,0,0
Bnip3l,0,0,0,14.12030237,0,0,0,0,0,0,0,0,0,0
Brix1,0,0,0,0,0,2.86674906,0,0,0,0,0,0,0,0
Brs3,0,0,0,0,0,0,0,0,0,0,0.857473561,0,0,0
Bsdc1,0,-1.269368968,0,0,0,0,0,0,0,0,0,0,0,0
Bst2,0,0,0,0,8.104993585,0,0,0,0,0,0,0,0,0
Bzw1,0,2.746151949,0,0,0,2.781085431,0,0,0,0,0,0,0,0
C1qtnf1,0,0,0,0,0,0,0,0,0,5.762291356,0,0,0,0
C1qtnf4,0,0,0,0,0,0,0,0,0,0,0,-1.859168026,0,0
C2cd3,0,0,0,0,0,0,0,0,0,0,0,0,1.454360199,0
C2cd5,0,-1.93904307,0,0,0,0,0,0,0,0,0,0,0,0
C3,0,0,0,0,0,0,0,0,0,9.898437891,0,0,0,0
C330007P06Rik,0,0,0,0,0,0,0,0,0,0,-1.379393898,0,0,0
C530008M17Rik,0,0,0,0,0,0,0,0,0,0,0,-4.87119003,0,0
C5ar2,0,0,4.733054326,0,0,0,0,0,0,0,0,0,0,0
C77080,0,-2.506941467,0,0,0,-2.299898652,0,0,0,0,0,0,0,0
Cab39l,0,0,-4.126311797,0,0,0,0,0,0,0,0,0,0,0
Cabyr,0,0,0,0,0,0,0,0,0,0,0,0,0,6.125471912
Cacna1e,0,0,0,0,0,0,0,0,0,0,0,0,1.074996648,0
Calcr,0,0,5.396273566,0,0,0,0,0,0,0,0,0,0,0
Cald1,0,0,0,0,0,0,0,0,3.051635589,0,0,0,0,0
Camk1d,0,0,0,0,0,0,0,0,0,0,0,0,1.843667822,0
Camk4,0,0,0,0,0,0,0,0,0,0,0,-2.547057637,0,0
Camkk2,3.739544031,0,0,0,0,0,0,0,0,0,0,0,0,0
Caml,0,0,0,0,0,0,0,-5.795703745,0,0,0,0,0,0
Cap2,0,0,5.011547094,0,0,0,0,0,0,0,0,0,0,0
Car12,0,0,8.413577628,0,0,0,0,0,0,0,0,0,0,0
Car14,0,0,0,0,0,0,0,-4.838040222,0,0,0,0,0,0
Car9,0,0,0,13.96106784,0,0,0,0,0,0,0,0,0,0
Carf,0,-1.601284081,0,0,0,0,0,0,0,0,0,0,0,0
Carns1,0,0,0,0,0,0,0,0,0,0,0,0,0,4.538733845
Casp4,0,0,0,0,2.42657748,0,0,0,0,0,0,0,0,0
Casp9,0,0,-2.435388302,0,0,0,0,0,0,0,0,0,0,0
Cbarp,0,0.979442479,0,0,0,0,0,0,0,0,0,0,0,0
Cbfa2t3,0,0,0,0,0,0,0,0,0,0,2.084750371,0,0,0
Cbfb,0,0,0,0,0,2.339998205,0,0,0,0,0,0,0,0
Cbll1,5.325437588,0,0,0,0,0,0,0,0,0,0,0,0,0
Cbx7,0,0,0,0,0,0,0,-6.437220253,0,0,0,0,0,0
Ccdc155,0,0,0,0,0,0,0,0,0,0,1.699459081,0,0,0
Ccdc25,0,0,0,0,0,0,0,-4.339271307,0,0,0,0,0,0
Ccdc28a,0,-3.101814771,0,0,0,0,0,-8.060678441,0,0,0,0,0,0
Ccdc81,0,0,0,0,0,0,0,0,0,0,0,-2.301363665,0,0
Ccdc90b,0,0,0,0,0,0,0,0,0,0,0,0,0,3.388109463
Ccl2,0,0,0,0,0,0,17.56599183,0,0,19.84618276,0,0,0,0
Ccl20,0,0,0,0,0,0,36.69730787,0,0,38.38796712,0,0,0,0
Ccm2,0,0,0,0,0,0,0,0,0,0,0,4.274565169,0,0
Ccnd1,0,0,0,0,0,6.263011605,0,0,0,0,0,0,0,0
Ccng2,0,0,0,7.325840669,0,0,0,0,0,0,0,0,0,0
Cd244,0,0,0,0,0,0,0,0,0,0,0,0,0.756062369,0
Cd40,0,0,0,0,0,0,3.520213591,0,0,0,0,0,0,0
Cd48,0,0,0,0,0,0,0,0,0,0,0,0,1.578248481,0
Cd72,0,0,0,0,0,0,0,0,0,0,0,-2.717726389,0,0
Cd80,0,0,0,0,0,0,3.795615076,0,0,0,0,0,0,0
Cd83,0,0,0,0,0,0,10.45137087,0,0,11.00266486,0,0,0,0
Cd93,0,0,0,0,0,0,0,0,0,0,0,3.080460251,0,0
Cdc37l1,0,0,0,0,0,0,0,0,0,0,0,3.302919487,0,0
Cdca4,0,0,0,0,0,3.010281262,0,0,0,0,0,0,0,0
Cdh2,0,0,0,0,0,0,0,0,3.288310238,0,0,0,0,0
Cdip1,0,0,0,0,0,0,0,0,0,0,0,0,0,5.049443582
Cdk5rap3,0,0,0,0,0,0,0,-5.254766588,0,0,0,0,0,0
Cdk8,-4.290868283,0,0,0,0,0,0,0,0,0,0,0,0,0
Cdkn1a,0,0,0,0,0,0,0,0,0,0,0,0,0,15.95697031
Cdkn2b,0,0,0,0,0,0,0,0,3.373728103,0,0,0,0,0
Cel,0,0,0,0,0,0,0,0,0,0,0,0,0,4.049534672
Celsr2,0,0,8.669144153,0,0,0,0,0,0,0,0,0,0,0
Cenpn,8.491016733,0,0,0,0,0,0,0,0,0,0,0,0,0
Cept1,0,-0.994593734,0,0,0,0,0,0,0,0,0,0,0,0
Ces2a,0,0,0,0,0,0,0,0,0,0,0,0,0,1.040054977
Ces2b,0,0,0,0,0,0,0,0,0,0,0,0,0,1.040054977
Ces2c,0,0,0,0,0,0,0,0,0,0,0,0,0,1.040054977
Ces2e,0,0,0,0,0,0,0,0,0,0,0,0,0,1.040054977
Ces2f,0,0,0,0,0,0,0,0,0,0,0,0,0,1.040054977
Ces2g,0,0,0,0,0,0,0,0,0,0,0,0,0,1.040054977
Ces2h,0,0,0,0,0,0,0,0,0,0,0,0,0,1.040054977
Cfb,0,0,0,0,0,0,3.15675997,0,0,3.713367713,0,0,0,0
Cfl1,0,1.329245479,0,0,0,0,0,0,0,0,0,0,0,0
Cflar,0,0,0,0,0,0,4.016711588,0,0,3.726544235,0,0,0,0
Chrna10,0,0.6899809,0,0,0,0,0,0,0,0,0,0,0,0
Chrna2,3.331701619,0,0,0,0,0,0,0,0,0,0,0,0,0
Chst3,0,0,0,0,0,0,0,0,2.221800857,0,0,0,0,0
Cilp,0,0,0,0,0,0,0,0,4.651003964,0,0,0,0,0
Cir1,0,0,0,0,0,0,0,-5.023161183,0,0,0,0,0,0
Clca2,0,0,0,0,0,0,0,0,0,0,0,0,0,10.51925594
Cldn1,0,0,0,0,0,0,0,0,0,9.089955595,0,0,0,0
Cldn11,0,0,0,0,0,0,0,0,-3.690283396,0,0,0,0,0
Cldn4,0,0,-3.828217119,0,0,0,0,0,0,0,0,0,-1.899393456,0
Cldn8,7.826163128,-2.018707848,0,0,0,0,0,0,0,0,0,0,0,0
Cldn9,0,0,-2.084814492,0,0,0,0,0,0,0,0,0,0,0
Clk3,0,0,0,3.564013767,0,0,0,0,0,0,0,0,0,0
Cmbl,0,0,0,0,0,0,0,0,0,0,0,0,0,5.050855729
Cmpk2,0,0,0,0,15.92877144,0,0,0,0,0,0,0,0,0
Cmtr1,0,0,0,0,2.7808605,0,0,0,0,0,0,0,0,0
Cnn1,0,0,0,0,0,0,0,0,4.953471249,0,0,0,0,0
Cnp,0,0,0,0,2.960656758,0,0,0,0,0,0,0,0,0
Cnr1,0,0,0,0,0,0,0,0,0,0,0,-1.45613759,0,0
Col1a1,0,0,0,0,0,0,0,0,3.566081042,0,0,0,0,0
Col4a1,0,0,0,0,0,0,0,0,6.337489575,0,0,0,0,0
Col4a2,0,0,0,0,0,0,0,0,4.221263678,0,0,0,0,0
Col5a1,0,0,0,0,0,0,0,0,5.221051246,0,0,0,0,0
Commd6,0,0,0,0,0,0,0,-3.462439113,0,0,0,0,0,0
Comp,0,0,0,0,0,0,0,0,9.89924996,0,0,0,0,0
Comt,0,0,-3.054685752,0,0,0,0,0,0,0,0,0,0,0
Coq8a,0,0,0,0,0,0,0,-6.388212375,0,0,0,0,0,0
Cpa6,0,0,0,0,0,0,0,0,0,0,0,-2.563768255,0,0
Cplx2,0,0,0,0,0,0,0,0,0,0,0,0,-1.040500485,0
Creb3l4,0,0,0,0,0,0,0,-9.102651653,0,0,0,0,0,0
Crebrf,0,0,0,0,0,0,0,-10.44607527,0,0,0,0,0,0
Cript,0,-2.04493787,0,0,0,0,0,0,0,0,0,0,0,0
Crkl,0,0,0,2.554734213,0,0,0,0,0,0,0,0,0,0
Crlf1,0,0,0,0,0,0,0,0,4.825293112,0,0,0,0,0
Crot,4.358306723,0,0,0,0,0,0,0,0,0,0,0,0,0
Cryl1,0,0,0,0,0,0,0,-7.333026179,0,0,0,0,0,0
Crym,0,0,0,0,0,0,0,0,0,0,0,3.461033261,0,0
Csf2,0,0,0,0,0,0,5.903526278,0,0,8.355480637,0,0,0,0
Csf3,0,0,0,0,0,0,4.903184341,0,0,6.343140375,0,0,0,0
Csf3r,0,0,0,0,0,0,0,0,0,0,0,0,1.932315375,0
Csgalnact1,6.846034433,0,0,0,0,0,0,0,0,0,0,0,0,0
Csmd3,0,0,0,0,0,0,0,0,0,0,0,0,0,4.812601463
Cst7,0,0,0,0,0,0,0,0,0,0,2.084534801,0,0,0
Csta1,0,0,0,0,0,0,0,0,0,0,0,0,0,0.750506475
Ctbp1,-2.892171882,0,0,0,0,0,0,0,0,0,0,0,0,0
Ctdsp1,0,0,0,0,0,0,0,-5.567569318,0,0,0,0,0,0
Cthrc1,0,0,0,0,0,0,0,0,0,9.459560282,0,0,0,0
Ctnna2,3.869126544,0,0,0,0,0,0,0,0,0,0,0,0,0
Ctnnd2,0,0,-3.5546641,0,0,0,0,0,0,0,0,0,0,0
Ctr9,0,0,4.823182094,0,0,0,0,0,0,0,0,0,0,0
Ctsf,0,0,0,0,0,0,0,-9.172142735,0,0,0,0,0,0
Ctss,0,0,0,0,0,0,0,0,0,6.397538834,0,0,0,0
Cxcl1,0,0,0,0,0,0,6.196825884,0,0,5.904379025,0,0,0,0
Cxcl11,0,0,0,0,15.00766272,0,15.8343668,0,0,0,0,0,0,0
Cxcl12,0,0,12.47767353,0,0,0,0,0,0,0,0,0,0,0
Cxcl2,0,0,0,0,0,0,6.196825884,0,0,5.904379025,0,0,0,0
Cxcl3,0,0,0,0,0,0,6.196825884,0,0,5.904379025,0,0,0,0
Cxcl5,0,0,0,0,0,0,7.952524672,0,0,10.299491,0,0,0,0
Cyfip2,0,0,0,0,0,0,0,0,0,0,0,0,0,7.06090456
Cyld,0,0,0,0,0,0,2.773314234,0,0,2.875463654,0,0,0,0
Cyp24a1,0,0,0,0,0,0,0,0,0,0,0,0,4.692303921,0
Cyp2j11,0,0,0,0,0.2616972,0,0,0,0,0,0,0,0,0
Cyp2j12,0,0,0,0,0.2616972,0,0,0,0,0,0,0,0,0
Cyp2j13,0,0,0,0,0.2616972,0,0,0,0,0,0,0,0,0
Cyp2j5,0,0,0,0,0.2616972,0,0,0,0,0,0,0,0,0
Cyp2j6,0,0,0,0,0.2616972,0,0,0,0,0,0,0,0,0
Cyp2j7,0,0,0,0,0.2616972,0,0,0,0,0,0,0,0,0
Cyp2j8,0,0,0,0,0.2616972,0,0,0,0,0,0,0,0,0
Cyp2j9,0,0,0,0,0.2616972,0,0,0,0,0,0,0,0,0
Cysrt1,0,0,0,0,0,0,0,0,0,0,0,0,0,5.076430759
Cytl1,0,0,0,0,0,0,0,-4.865441636,0,0,0,3.478327901,0,0
Dact1,0,0,0,0,0,0,0,0,6.220879686,0,0,0,0,0
Dars,0,0,0,3.670815844,0,0,0,0,0,0,0,0,0,0
Dazap2,0,0,0,0,0,-1.407794983,0,0,0,0,0,0,0,0
Dcaf13,0,1.434232957,0,0,0,0,0,0,0,0,0,0,0,0
Dcbld2,0,0,0,0,0,3.371515685,0,0,0,0,0,0,0,0
Ddb2,0,0,0,0,0,0,0,0,0,0,0,0,0,8.18558326
Ddx10,0,0,4.626957859,0,0,0,0,0,0,0,0,0,0,0
Ddx19a,0,0,0,0,0,0,0,0,0,0,-1.456258613,0,0,0
Ddx58,0,0,0,0,12.96537825,0,0,0,0,0,0,0,0,0
Ddx60,0,0,0,0,12.19823321,0,0,0,0,0,0,0,0,0
Deptor,0,0,7.463778466,0,0,0,0,0,0,0,0,0,0,0
Derl3,0,0,0,0,0,0,0,-4.033679425,0,0,0,0,0,0
Desi2,0,0,0,0,0,0,0,0,0,0,0,0,1.104268325,0
Dgka,0,0,0,0,0,0,0,0,0,0,0,0,0,5.381505634
Dgki,0,0,0,0,0,0,0,0,2.241143613,0,0,0,0,0
Dhcr24,6.843008403,0,0,0,0,0,0,0,0,0,0,0,0,0
Dhx58,0,0,0,0,4.909942135,0,0,0,0,0,0,0,0,0
Dlx5,0,0,0,0,0,0,0,0,0,0,0,0,1.644520231,0
Dmrtc2,0,0,0,0,0,0,0,0,0,0,-1.487464993,0,0,0
Dnajb8,0,0,0,0,0,0,0,0,0,0,-1.366396665,0,0,0
Dnal4,0,0,0,0,0,0,0,-4.445867275,0,0,0,0,0,0
Dnase2a,0,0,0,0,0,-1.821820416,0,0,0,0,0,0,0,0
Dnase2b,3.011328588,0,0,0,0,0,0,0,0,0,0,0,0,0
Dnm1l,4.188679593,0,0,0,0,0,0,0,0,0,0,0,0,0
Dolk,0,0,0,-3.464171672,0,0,0,0,0,0,0,0,0,0
Dqx1,0,0,0,0,0,0,0,0,0,0,0,0,0,4.387116106
Dram1,0,0,0,0,0,0,9.547700357,0,0,10.75825237,0,0,0,0
Draxin,0,0,0,0,0,0,0,0,0,0,0,0,0,6.014405245
Dscam,0,0,4.142880125,0,0,0,0,0,0,0,0,0,0,0
Dspp,0,2.350387113,0,0,0,0,0,0,0,0,0,0,0,0
Dtx2,0,0,0,0,0,0,0,0,0,2.931319728,0,0,0,0
Dtx3l,0,0,0,0,8.358418698,0,0,0,0,0,0,0,0,0
Dusp4,0,6.967179671,0,0,0,7.80481596,0,0,0,0,0,0,0,0
Dusp5,0,7.943039507,0,0,0,7.920030143,0,0,0,0,0,0,0,0
Dusp6,0,12.62931259,0,0,0,16.85901583,0,0,0,0,0,0,0,0
Dusp7,0,0,0,0,0,2.452508263,0,0,0,0,0,0,0,0
Dync2li1,0,-1.430238602,0,0,0,0,0,0,0,0,0,0,0,0
E2f3,0,0,0,0,0,2.034348475,0,0,0,0,0,0,0,0
Eaf2,6.944907389,0,0,0,0,0,0,0,0,0,0,0,0,0
Eapp,0,-2.23989973,0,0,0,0,0,0,0,0,0,0,0,0
Ebi3,0,0,0,0,0,0,7.54618521,0,0,0,0,0,0,0
Ech1,0,0,0,0,0,-2.289742084,0,0,0,0,0,0,0,0
Eci2,2.134051111,0,0,0,0,0,0,0,0,0,0,0,0,0
Eci3,2.134051111,0,0,0,0,0,0,0,0,0,0,0,0,0
Eda2r,0,0,0,0,0,0,0,0,0,0,0,0,0,3.179132303
Edn1,0,0,0,0,0,0,0,0,0,7.585623803,0,0,0,0
Efhc1,0,-2.03460366,0,0,0,0,0,0,0,0,0,0,0,0
Efna1,0,0,0,0,0,0,11.43329539,0,0,18.63110938,0,0,0,0
Efna3,0,0,0,4.211740089,0,0,0,0,0,0,0,0,0,0
Efnb1,0,0,0,0,0,0,0,0,0,0,0,0,0,2.865678991
Efr3b,0,0,0,0,0,0,0,0,1.334349902,0,0,0,0,0
Egln1,0,0,0,9.594450022,0,0,0,0,0,0,0,0,0,0
Egln3,0,0,0,11.65572792,0,0,0,0,0,0,0,0,0,0
Egr3,0,6.271415501,16.07769732,0,0,0,0,0,0,0,0,0,0,0
Egr4,0,2.953076385,0,0,0,0,0,0,0,0,0,0,0,0
Ehd1,0,0,0,0,0,0,5.871607384,0,0,0,0,0,0,0
Ei24,0,0,0,0,0,0,0,0,0,0,0,0,0,4.092030424
Eif2ak2,0,0,0,0,5.723016325,0,0,0,0,0,0,0,0,0
Elf2,0,-1.3429287,0,0,0,0,0,0,0,0,0,0,0,0
Elf5,0,0,-3.216444333,0,0,0,0,0,0,0,0,0,0,0
Elk3,0,0,0,0,0,2.996140393,0,0,0,0,0,0,0,0
Elk4,2.733171833,0,0,0,0,0,0,0,0,0,0,0,0,0
Ell2,6.567577454,0,0,0,0,0,0,0,0,0,0,0,0,0
Elovl2,0,0,8.690576246,0,0,0,0,0,0,0,0,0,0,0
Elovl7,0,0,0,0,0,0,8.792115753,0,0,0,0,0,0,0
Endod1,6.51615227,0,0,0,0,0,0,0,0,0,0,0,0,0
Eno1,0,0,0,3.051931494,0,0,0,0,0,0,0,0,0,0
Eno1b,0,0,0,3.051931494,0,0,0,0,0,0,0,0,0,0
Eno2,0,0,0,14.32693982,0,0,0,0,0,0,0,0,0,0
Epb41l5,0,0,-3.434511403,0,0,0,0,0,0,0,0,0,0,0
Epha3,0,0,0,0,0,0,0,0,0,0,0,-4.434085609,0,0
Epn2,0,0,0,0,0,0,0,0,0,0,0,10.76619022,0,0
Eps15l1,0,0,3.141644369,0,0,0,0,0,0,0,0,0,0,0
Epsti1,0,0,0,0,12.08161764,0,0,0,0,0,0,0,0,0
Erbb3,0,0,-4.880740447,0,0,0,0,0,0,0,0,0,0,0
Ero1l,0,0,0,9.698198188,0,0,0,0,0,0,0,0,0,0
Esr1,0,0,-1.304452446,0,0,0,0,0,0,0,0,0,0,0
Etfdh,0,-1.668458755,0,0,0,0,0,0,0,0,0,0,0,0
Ets1,0,0,0,0,0,0,0,0,0,4.591170934,0,0,0,0
Etv1,0,0,0,0,0,3.563464789,0,0,0,0,0,0,0,0
Etv4,0,0,0,0,0,5.293783979,0,0,0,0,0,0,0,0
Etv5,0,0,0,0,0,5.988709606,0,0,0,0,0,0,0,0
Eya4,0,0,0,0,0,0,0,0,0,0,0,0,1.393261622,0
F5,6.087825897,0,0,0,0,0,0,0,0,0,0,0,0,0
Fam102a,0,0,5.760838705,0,0,0,0,0,0,0,0,0,0,0
Fam105a,7.708217718,0,0,0,0,0,0,0,0,0,0,0,0,0
Fam13a,0,0,0,5.09417982,0,0,0,0,0,0,0,0,0,0
Fam13c,0,0,0,0,0,0,0,0,0,0,0,0,0,4.314974534
Fam149b,0,0,0,0,0,-1.342342323,0,0,0,0,0,0,0,0
Fam162a,0,0,0,8.335551552,0,0,0,0,0,0,0,0,0,0
Fam208b,0,0,4.935767036,0,0,0,0,0,0,0,0,0,0,0
Fas,0,0,0,0,0,0,0,0,0,0,0,0,0,12.03060138
Fasl,0,0,0,0,0,0,0,0,0,0,0,0,-1.443496549,0
Fbln5,0,0,0,0,0,0,0,0,4.922485256,0,0,0,0,0
Fbxo22,0,0,0,0,0,0,0,0,0,0,0,0,0,3.692526002
Fbxo25,0,0,0,0,0,0,0,-7.033029734,0,0,0,0,0,0
Fbxo42,0,0,0,2.257228733,0,0,0,0,0,0,0,0,0,0
Fbxw7,0,0,0,0,0,0,0,0,0,0,0,0,0,4.283285582
Fcgrt,0,0,0,0,0,0,0,-6.170243406,0,0,0,0,0,0
Fcmr,0,0,0,0,0,0,0,-4.926880114,0,0,0,0,0,0
Fdxr,0,0,0,0,0,0,0,0,0,0,0,0,0,11.99449592
Fermt1,0,0,0,0,0,2.333704655,0,0,0,0,0,0,0,0
Fgd2,0,0,0,0,0,0,0,0,0,0,0,0,1.631179297,0
Fgf20,0,0,0,0,0,0,0,0,0,0,0,0,-2.08803062,0
Fgf3,0,0,0,0,0,0,0,0,0,0,0,0,-1.75149878,0
Fgfr1op,0,0,2.46840963,0,0,0,0,0,0,0,0,0,0,0
Fhit,0,0,0,0,0,0,0,-4.615166947,0,0,0,0,0,0
Fkbp4,0,0,8.258329881,0,0,0,0,0,0,0,0,0,0,0
Flad1,0,0,0,-3.294216622,0,0,0,0,0,0,0,0,0,0
Flcn,0,0,0,0,0,0,0,0,0,0,1.593439448,0,0,0
Fmo5,0,0,0,0,0,-1.497241657,0,0,0,0,0,0,0,0
Fosl1,0,7.647829795,0,0,0,9.000522309,0,0,0,0,0,0,0,0
Foxf1,0,0,0,0,0,0,0,0,0,0,0,0,-1.928420447,0
Foxj2,0,0,0,0,0,0,0,0,0,0,0,0,1.312227016,0
Foxn3,0,-1.679543013,0,0,0,0,0,0,0,0,0,0,0,0
Frk,4.700248935,0,4.900377123,0,0,0,0,0,0,0,0,0,0,0
Frmpd1,0,0,0,0,0,0,0,0,0,0,-2.234614243,0,0,0
Fstl3,0,0,0,0,0,0,0,0,6.807359103,0,0,0,0,0
Fut11,0,0,0,11.17058216,0,0,0,0,0,0,0,0,0,0
Fut8,-4.40595359,0,0,0,0,0,0,0,0,0,0,0,0,0
Fzd5,4.686619552,0,0,0,0,0,0,0,0,0,0,0,0,0
Gaa,0,0,0,0,0,0,0,-5.367784104,0,0,0,0,0,0
Gabarap,0,0,0,0,0,-2.961663786,0,0,0,0,0,0,0,0
Galnt10,0,0,0,0,0,0,0,0,3.047077073,0,0,0,0,0
Gata3,0,0,-6.004687467,0,0,0,0,0,0,0,0,0,0,0
Gatad2a,0,0,0,0,0,1.359238188,0,0,0,0,0,0,0,0
Gbe1,0,0,0,9.711499344,0,0,0,0,0,0,0,0,0,0
Gbp3,0,0,0,0,4.042328835,0,0,0,0,0,0,0,0,0
Gbp7,0,0,0,0,4.042328835,0,0,0,0,0,0,0,0,0
Gcg,-2.171335927,0,0,0,0,0,0,0,0,0,0,0,0,0
Gch1,0,0,0,0,0,0,14.02604366,0,0,0,0,0,0,0
Gdf15,0,0,0,0,0,0,0,0,0,0,0,0,0,9.773981684
Gdf5,0,0,0,0,0,0,0,0,-1.939559486,0,0,0,0,0
Gemin8,0,0,0,0,0,0,0,-4.13317736,0,0,0,0,0,0
Gfra2,0,0,0,0,0,0,0,0,0,0,0,0,1.367118724,0
Gla,0,0,8.441858764,0,0,0,0,0,0,0,0,0,0,0
Glipr1l1,0,0,0,0,0,0,0,0,0,0,0.581112087,0,0,0
Glipr1l3,0,0,0,0,0,0,0,0,0,0,0.581112087,0,0,0
Gls2,0,0,0,0,0,0,0,0,0,0,0,0,0,6.452464885
Gm12248,0,0,0,0,0,0,0,-12.42127383,0,0,0,0,0,0
Gm12666,0,-0.458538728,0,0,0,0,0,0,0,0,0,0,0,0
Gm13889,0,0,0,0,0,0,4.566226065,0,0,4.766669051,0,0,0,0
Gm15294,0,0,0,5.046552544,0,0,0,0,0,0,0,0,0,0
Gm20547,0,0,0,0,0,0,3.15675997,0,0,3.713367713,0,0,0,0
Gm22362,0,0,0,0,0,0,0,0,0,0,0,-8.300003611,0,0
Gm23347,0,0,0,0,0,0,0,0,0,0,0,-13.38599286,0,0
Gm25403,0,0,0,0,0,0,0,0,0,0,0,6.15745217,0,0
Gm26163,0,0,0,0,0,0,0,0,0,0,0,-6.35747091,0,0
Gm29094,0,0,0,0,0,0,2.883384914,0,0,3.445001522,0,0,0,0
Gm35339,0,0,0,0,0,0,0,0,0,0,-1.350648835,0,0,0
Gm45717,0,0,0,0,2.323849035,0,0,0,0,0,0,0,0,0
Gm4758,0,0,0,0,0,0,0,0,0,0,0,0,0,0.750506475
Gm5096,0,0,0,0,0,0,0,0,0,0,0.638336192,0,0,0
Gm5414,0,0,0,0,0,0,0,0,0,1.104055817,0,0,0,0
Gm5416,0,0,0,0,0,0,0,0,0,0,0,0,0,0.750506475
Gm5478,0,0,0,0,0,0,0,0,0,1.104055817,0,0,0,0
Gm5483,0,0,0,0,0,0,0,0,0,0,0,0,0,0.750506475
Gm5617,0,0,0,0,0,-2.366757613,0,0,0,0,0,0,0,0
Gm5689,0,0,0,0,0,0,0,0,0,0,0,0,0,0.750506475
Gm6904,0,0,0,0,0.772346267,0,0,0,0,0,0,0,0,0
Gnao1,0,0,0,0,0,0,0,0,0,0,0,0,-0.915037842,0
Gng11,0,0,0,0,0,0,0,0,0,0,0,0,2.098526504,0
Gnl3l,0,0,0,0,0,0,0,0,0,0,-2.059139734,0,0,0
Gnmt,5.672638637,0,0,0,0,0,0,0,0,0,0,0,0,0
Gnptg,0,0,0,0,0,0,0,-6.966609574,0,0,0,0,0,0
Golph3l,0,-2.741524871,0,0,0,0,0,0,0,0,0,0,0,0
Gp5,0,0,0,0,0,0,0,0,0,0,0,-1.591926434,0,0
Gpi1,0,0,0,8.54958022,0,0,0,0,0,0,0,0,0,0
Gpr176,0,0,0,0,0,0,0,0,0,3.012186273,0,0,0,0
Gpr18,0,0,0,0,0,0,0,0,0,0,3.240804826,0,0,0
Gpr22,0,0,0,0,0,0,0,0,0,0,0,0,-1.022987217,0
Gpr3,0,0,0,0,0,1.63082926,0,0,0,0,0,0,0,0
Gpr63,-3.227593099,0,0,0,0,0,0,0,0,0,0,0,0,0
Gpr75,0,1.037039515,0,0,0,0,0,0,0,0,0,0,0,0
Gpr87,0,0,0,0,0,0,0,0,0,0,0,0,0,10.83612176
Gramd1c,0,-2.797091993,0,0,0,0,0,0,0,0,0,0,0,0
Greb1,0,0,17.24017284,0,0,0,0,0,0,0,0,0,0,0
Grhl2,4.295724864,0,0,0,0,0,0,0,0,0,0,0,0,0
Grhl3,0,0,0,0,0,0,0,0,0,0,0,0,0,8.212310174
Gria3,0,0,0,0,0,0,0,0,1.086812632,0,0,0,0,0
Grik1,-1.646513455,0,0,0,0,0,0,0,0,0,0,0,0,0
Grin2c,0,0,0,0,0,0,0,0,0,0,0,0,0,1.839359806
Grip2,0,0,0,0,0,0,0,0,0,0,0,0,0,2.527611465
Grpel1,0,0,0,0,0,2.669468753,0,0,0,0,0,0,0,0
Gsap,0,0,0,0,0,0,0,0,0,4.868162414,0,0,0,0
Gys1,0,0,0,4.922863344,0,0,0,0,0,0,0,0,0,0
H2-Ke6,0,0,0,0,0,0,0,-8.601570676,0,0,0,0,0,0
Hacd4,0,0,0,0,0,0,0,0,0,0,0,-3.76231392,0,0
Has3,0,2.923737765,0,0,0,0,0,0,0,0,0,0,0,0
Hdac7,0,0,-2.037488003,0,0,0,0,0,0,0,0,0,0,0
Helz2,0,0,0,0,4.762151884,0,0,0,0,0,0,0,0,0
Herc6,0,0,0,0,8.769675879,0,0,0,0,0,0,0,0,0
Hey2,0,0,11.4823695,0,0,0,0,0,0,0,0,0,0,0
Hilpda,0,0,0,16.70712355,0,0,0,0,0,0,0,0,0,0
Hira,0,0,0,0,0,0,0,0,0,0,0,0,1.725851401,0
Hivep1,0,0,0,0,0,0,3.99971488,0,0,0,0,0,0,0
Hivep2,0,0,0,0,0,0,3.951426644,0,0,0,0,0,0,0
Hmga1,0,0,0,0,0,1.434352841,0,0,0,0,0,0,0,0
Hmga1b,0,0,0,0,0,1.434352841,0,0,0,0,0,0,0,0
Hmga2,0,0,0,0,0,3.727971073,0,0,0,0,0,0,0,0
Hmox2,0,1.719637973,0,0,0,0,0,0,0,0,0,0,0,0
Hoxb3,0,0,0,0,0,0,0,0,0,0,0,0,1.151637843,0
Hoxb5,0,0,0,0,0,0,0,0,0,0,0,0,1.139958236,0
Hoxc13,-3.634255805,0,0,0,0,0,0,0,0,0,0,0,0,0
Hsbp1l1,0,0,0,0,0,0,0,-6.893156914,0,0,0,0,0,0
Hsd17b6,0,0,0,0,0,0,0,0,4.782527287,0,0,0,0,0
Htr1f,0,0,0,0,0,0,0,0,0,0,-1.436708264,-2.236459793,0,0
Hvcn1,0,0,0,0,0,0,0,0,0,0,2.182253262,0,0,0
Icam1,0,0,0,0,0,0,18.36938526,0,0,22.03934072,0,0,0,0
Id1,0,0,0,0,0,0,0,0,12.35428766,0,0,0,0,0
Id3,0,0,0,0,0,0,0,0,10.4811132,0,0,0,0,0
Id4,0,0,0,0,0,0,0,0,4.16990135,0,0,0,0,0
Ifi204,0,0,0,0,1.821128366,0,0,0,0,0,0,0,0,0
Ifi205,0,0,0,0,1.821128366,0,0,0,0,0,0,0,0,0
Ifi27,0,0,0,0,11.20265458,0,0,0,0,0,0,0,0,0
Ifi35,0,0,0,0,10.59853568,0,0,0,0,0,0,0,0,0
Ifi44,0,0,0,0,12.45086253,0,0,0,0,0,0,0,0,0
Ifi44l,0,0,0,0,18.86715589,0,0,0,0,0,0,0,0,0
Ifih1,0,0,0,0,8.347692652,0,6.042036444,0,0,0,0,0,0,0
Ifit2,0,0,0,0,16.18714604,0,0,0,0,0,0,0,0,0
Ifit3,0,0,0,0,10.29615328,0,0,0,0,0,0,0,0,0
Ifit3b,0,0,0,0,10.29615328,0,0,0,0,0,0,0,0,0
Ifitm1,0,0,0,0,2.323849035,0,0,0,0,0,0,0,0,0
Ifitm2,0,0,0,0,2.323849035,0,0,0,0,0,0,0,0,0
Ifitm3,0,0,0,0,2.323849035,0,0,0,0,0,0,0,0,0
Ifitm6,0,0,0,0,2.323849035,0,0,0,0,0,0,0,0,0
Ifitm7,0,0,0,0,2.323849035,0,0,0,0,0,0,0,0,0
Ifnar2,0,0,0,0,0,0,4.683318983,0,0,7.580700686,0,0,0,0
Ifngr2,0,0,0,0,0,0,6.022009725,0,0,7.377788871,0,0,0,0
Ifnlr1,0,0,0,0,0,0,0,0,0,0,1.714247303,0,0,0
Igf1,2.680117654,0,0,0,0,0,0,0,0,0,0,0,1.359481236,0
Igf1r,5.01152203,0,0,0,0,0,0,0,0,0,0,0,0,0
Igfbp4,0,0,11.6514914,0,0,0,0,0,0,0,0,0,0,0
Iglc1,0,0,0,0,0,0,0,0,0,0,0,-1.12829685,0,0
Iglc4,0,0,0,0,0,0,0,0,0,0,0,-1.12829685,0,0
Igll1,0,0,0,0,0,0,0,0,0,0,0,-1.12829685,0,0
Ikbke,0,0,0,0,0,0,3.341126888,0,0,3.773163181,0,0,0,0
Ikzf3,0,0,0,0,0,0,0,0,0,0,0,-1.606947876,0,0
Il11,0,0,0,0,0,0,0,0,6.330896156,0,0,0,0,0
Il12rb1,0,0,0,0,0,0,0,0,0,0,0,0,0.839411847,0
Il15,0,0,0,0,0,0,5.146568092,0,0,5.507100222,0,0,0,0
Il17rb,0,0,11.41898591,0,0,0,0,0,0,0,0,0,0,0
Il1a,0,0,0,0,0,0,8.111290972,0,0,0,0,0,0,0
Il1b,0,0,0,0,0,0,21.65592931,0,0,0,0,0,0,0
Il1f9,0,0,0,0,0,0,9.826405558,0,0,13.42517432,0,0,0,0
Il1r1,0,0,-6.86624961,0,0,0,0,0,0,0,0,0,0,0
Il1rl1,0,0,0,0,0,0,0,0,0,0,0,0,2.080770746,0
Il1rn,0,0,0,0,0,0,5.15157966,0,0,4.754297986,0,0,0,0
Il23a,0,0,0,0,0,0,2.072904924,0,0,0,0,0,0,0
Il6,0,0,0,0,0,0,21.77063544,0,0,19.70357333,0,0,0,0
Il7r,0,0,0,0,0,0,8.813312335,0,0,0,0,0,0,0
Immp2l,0,0,0,0,0,0,0,0,0,0,0,-2.01199922,0,0
Ing4,0,0,0,0,0,0,0,-7.700118076,0,0,0,0,0,0
Inhba,0,0,0,0,0,0,12.46759366,0,0,15.56319868,0,0,0,0
Ino80c,0,0,0,0,0,0,0,4.108217479,0,0,0,0,0,0
Inpp1,0,0,0,0,0,0,0,0,0,0,0,0,0,7.488075836
Inpp5k,0,0,0,0,0,0,0,-4.530098153,0,0,0,0,0,0
Insig2,0,0,0,13.56219384,0,0,0,0,0,0,0,0,0,0
Iqgap2,5.124483428,0,0,0,0,0,0,0,0,0,0,0,0,0
Irak2,0,0,0,0,0,0,5.343391613,0,0,0,0,0,0,0
Irf1,0,0,0,0,0,0,12.69800912,0,0,15.6507267,0,0,0,0
Irf7,0,0,0,0,8.069374321,0,0,0,0,0,0,0,0,0
Irf9,0,0,0,0,7.526584189,0,0,0,0,0,0,0,0,0
Irs1,0,0,0,0,0,0,0,0,0,0,0,0,3.18782978,0
Iscu,0,0,0,0,0,0,0,0,0,0,0,0,0,5.512349954
Isg15,0,0,0,0,20.03903353,0,0,0,0,0,0,0,0,0
Islr2,0,0,0,0,0,0,0,0,2.468060088,0,0,0,0,0
Itga11,0,0,0,0,0,0,0,0,3.392697565,0,0,0,0,0
Itgb7,0,0,0,0,0,0,0,0,0,0,0,0,1.361357777,0
Jchain,0,0,0,0,0,0,0,0,0,0,0,-3.347995013,0,0
Kank3,0,0,0,0,0,0,0,0,0,0,0,0,0,2.905439797
Kcna5,0,0,0,0,0,0,0,0,0,0,1.480050066,0,0,0
Kcnab3,0,0,0,0,0,0,0,0,0,0,-0.95173367,0,0,0
Kcnf1,0,1.57587573,0,0,0,0,0,0,0,0,0,0,0,0
Kcnj10,0,0,0,0,0,0,0,0,0,0,0,0,-1.432766591,0
Kcnj3,0,0,-2.982070818,0,0,0,0,0,0,0,0,0,0,0
Kcnj5,0,0,0,0,0,0,0,0,0,0,0,0,-0.97065634,0
Kcnk10,0,0,0,0,0,0,0,0,0,0,0,2.883306364,0,0
Kcnk5,0,0,4.656827879,0,0,0,0,0,0,0,0,0,0,0
Kcnma1,3.542419906,0,0,0,0,0,0,0,0,0,0,0,0,0
Kcnn2,9.473198889,0,0,0,0,0,0,0,0,0,0,0,0,0
Kdm3a,0,0,0,10.85075274,0,0,0,0,0,0,0,0,0,0
Kdm4b,0,0,0,3.650209323,0,0,0,0,0,0,0,0,0,0
Kdm4c,0,0,0,2.258150962,0,0,0,0,0,0,0,0,0,0
Kif26b,0,0,0,0,0,0,0,0,0,0,0,0,1.361800508,0
Kirrel3,0,0,0,0,0,0,0,0,2.54238556,0,0,0,0,0
Klf15,2.832534084,0,0,0,0,0,0,0,0,0,0,0,0,0
Klhdc2,0,-3.593929655,0,0,0,0,0,0,0,0,0,0,0,0
Klhdc7a,0,0,0,0,0,0,0,0,0,0,0,0,0,4.566274609
Klhl14,0,0,0,0,0,0,0,0,0,0,-1.762760001,0,0,0
Klhl4,0,0,0,0,0,0,0,0,0,0,0,0,1.540512858,0
Klk1,0.885108094,0,0,0,0,0,0,0,0,0,0,0,0,0
Klk10,0,0,0,0,0,0,0,0,0,0,0,0,2.004181008,0
Klk1b1,0.885108094,0,0,0,0,0,0,0,0,0,0,0,0,0
Klk1b11,0.885108094,0,0,0,0,0,0,0,0,0,0,0,0,0
Klk1b16,0.885108094,0,0,0,0,0,0,0,0,0,0,0,0,0
Klk1b21,0.885108094,0,0,0,0,0,0,0,0,0,0,0,0,0
Klk1b22,0.885108094,0,0,0,0,0,0,0,0,0,0,0,0,0
Klk1b24,0.885108094,0,0,0,0,0,0,0,0,0,0,0,0,0
Klk1b26,0.885108094,0,0,0,0,0,0,0,0,0,0,0,0,0
Klk1b27,0.885108094,0,0,0,0,0,0,0,0,0,0,0,0,0
Klk1b3,0.885108094,0,0,0,0,0,0,0,0,0,0,0,0,0
Klk1b4,0.885108094,0,0,0,0,0,0,0,0,0,0,0,0,0
Klk1b5,0.885108094,0,0,0,0,0,0,0,0,0,0,0,0,0
Klk1b8,0.885108094,0,0,0,0,0,0,0,0,0,0,0,0,0
Klk1b9,0.885108094,0,0,0,0,0,0,0,0,0,0,0,0,0
Kmo,0,0,0,0,0,0,3.974235065,0,0,0,0,0,0,0
Kmt5a,0,0,0,0,0,1.740974813,0,0,0,0,0,0,0,0
Krr1,0,0,0,0,0,1.461707194,0,0,0,0,0,0,0,0
Krt23,0,0,0,0,0,0,0,0,0,0,0,0,4.121611551,0
Krt35,0,0,0,0,0,0,0,0,0,0,1.082247271,0,0,0
Krt6a,0,0,0,0,0,0,0,0,0,1.104055817,0,0,0,0
Krt6b,0,0,0,0,0,0,0,0,0,1.104055817,0,0,0,0
Kynu,0,0,0,0,0,0,6.404463606,0,0,0,0,0,0,0
Lamb2,0,0,0,0,0,-2.392879637,0,0,0,0,0,0,0,0
Lamc2,0,3.920115723,0,0,0,0,0,0,0,0,0,0,0,0
Lamp3,0,0,0,0,9.973230294,0,0,0,0,0,0,0,0,0
Lap3,0,0,0,0,7.384958867,0,0,0,0,0,0,0,0,0
Larp7,0,-0.458538728,0,0,0,0,0,0,0,0,0,0,0,0
Ldha,0,0,0,7.653450322,0,0,0,0,0,0,0,0,0,0
Ldlr,0,0,0,0,0,3.073910986,0,0,0,0,0,0,0,0
Lect2,0,0,0,0,0,0,0,0,2.908951371,0,0,0,0,0
Lifr,8.612514692,0,0,0,0,0,0,0,0,0,0,0,0,0
Lim2,0,0,0,0,0,0,0,0,0,0,1.123151436,0,0,0
Lims2,0,0,0,0,0,0,0,0,2.274946741,0,0,0,0,0
Lmcd1,0,0,0,0,0,0,0,0,5.675281526,0,0,0,0,0
Lmo2,0,0,0,0,0,0,0,0,0,0,0,3.651742989,0,0
Lox,0,0,0,7.461207816,0,0,0,0,0,0,0,0,0,0
Loxl2,0,0,0,4.608767867,0,0,0,0,0,0,0,0,0,0
Lpar2,0,0,0,0,0,0,0,0,0,0,0,0,1.263994453,0
Lpar3,5.848278476,0,0,0,0,0,0,0,0,0,0,0,0,0
Lrig1,6.626072056,0,0,0,0,0,0,0,0,0,0,0,0,0
Lrmp,0,0,0,0,0,0,0,0,0,0,0,-3.31230507,0,0
Lrp8,0,0,0,0,0,4.513004276,0,0,0,0,0,0,0,0
Lrrc15,0,0,0,0,0,0,0,0,2.304595154,0,0,0,0,0
Lrrc23,0,0,0,0,0,0,0,-3.29325311,0,0,0,0,0,0
Lrrc31,-5.181022589,0,0,0,0,0,0,0,0,0,0,0,0,0
Lrrc32,0,0,0,0,0,0,0,0,5.293595631,0,0,0,0,0
Lrrfip2,4.144187172,0,0,0,0,0,0,0,0,0,0,0,0,0
Lrrn4cl,0,0,0,0,0,0,0,0,-3.784515127,0,0,0,0,0
Lsm12,0,0,0,0,0,0,0,0,0,0,-1.978770316,0,0,0
Ltb,0,0,0,0,0,0,3.187568792,0,0,4.827311631,0,0,0,0
Ltbp2,0,0,0,0,0,0,0,0,4.372793935,0,0,0,0,0
Ly86,0,0,0,0,0,0,0,0,0,0,0,0,1.596252201,0
Lztfl1,0,-1.873876929,0,0,0,0,0,0,0,0,0,0,0,0
Maf,5.863871384,0,0,0,0,0,0,0,0,0,0,0,0,0
Mak,5.313672853,0,0,0,0,0,0,0,0,0,0,0,0,0
Malt1,6.669782094,0,0,0,0,0,0,0,0,0,0,0,0,0
Man2b2,0,0,0,0,0,-1.917606137,0,0,0,0,0,0,0,0
Manea,-4.00414637,0,0,0,0,0,0,0,0,0,0,0,0,0
Map3k8,0,0,0,0,0,0,7.399205365,0,0,0,0,0,0,0
Mapk7,0,0,0,2.631904521,0,0,0,0,0,0,0,0,0,0
Marcks,0,0,0,0,0,0,4.761373089,0,0,0,0,0,0,0
Mboat2,10.47273297,0,0,0,0,0,0,0,0,0,0,0,0,0
Mbtps1,0,-1.406601375,0,0,0,0,0,0,0,0,0,0,0,0
Mcam,0,0,0,0,0,0,0,5.125082723,0,0,0,0,0,0
Mccc1,0,-2.17032353,0,0,0,-1.922676327,0,0,0,0,0,0,0,0
Mccc2,2.808004802,0,0,0,0,0,0,0,0,0,0,0,0,0
Mcl1,0,0,0,0,0,3.012864996,0,0,0,0,0,0,0,0
Mcmbp,0,0,0,0,0,1.887550735,0,0,0,0,0,0,0,0
Mcub,0,0,0,0,0,4.932286416,0,0,0,0,0,0,0,0
Mdfi,0,1.160109073,0,0,0,0,0,0,0,0,0,0,0,0
Mdm2,0,0,0,0,0,0,0,0,0,0,0,0,0,8.193488269
Med13l,0,0,3.837410582,0,0,0,0,0,0,0,0,0,0,0
Mex3b,0,0,0,0,0,0,0,0,3.97829237,0,0,0,0,0
Mfap4,0,0,0,0,0,0,0,0,5.813038501,0,0,0,0,0
Mfge8,0,0,0,0,0,0,0,-5.901530455,0,0,0,0,0,0
Mgst3,0,0,0,0,0,-1.452831682,0,0,0,0,0,0,0,0
Mier2,0,0,0,0,0,0.956640357,0,0,0,0,0,0,0,0
Misp,0,0,-4.334168256,0,0,0,0,0,0,0,0,0,0,0
Mlana,0,0,0,0,0,0,0,-9.985742932,0,0,0,0,0,0
Mmp10,0,0,0,0,0,0,0,0,0,8.34742784,0,0,0,0
Mmp12,0,0,0,0,0,0,0,0,0,6.477017109,0,0,0,0
Mmp13,0,0,0,0,0,0,0,0,0,7.105759033,0,0,0,0
Mmp9,0,0,0,0,0,0,0,0,0,12.58875773,0,0,0,0
Mnda,0,0,0,0,1.821128366,0,0,0,0,0,0,0,0,0
Mndal,0,0,0,0,1.821128366,0,0,0,0,0,0,0,0,0
Mpc2,5.888313287,0,0,0,0,0,0,0,0,0,0,0,0,0
Mphosph9,5.106198627,0,0,0,0,0,0,0,0,0,0,0,0,0
Mpi,0,0,0,3.502165309,0,0,0,0,0,0,0,0,0,0
Mpp6,0,0,0,0,0,2.242621575,0,0,0,0,0,0,0,0
Mpped2,0,0,3.915021735,0,0,0,0,0,0,0,0,0,0,0
Mras,0,0,0,0,0,0,0,0,5.201966581,0,0,0,0,0
Mrgpra1,0,0,0,0,0,0,0,0,0,1.540887223,0,0,0,0
Mrgpra2a,0,0,0,0,0,0,0,0,0,1.540887223,0,0,0,0
Mrgpra2b,0,0,0,0,0,0,0,0,0,1.540887223,0,0,0,0
Mrgpra3,0,0,0,0,0,0,0,0,0,1.540887223,0,0,0,0
Mrgpra4,0,0,0,0,0,0,0,0,0,1.540887223,0,0,0,0
Mrgpra6,0,0,0,0,0,0,0,0,0,1.540887223,0,0,0,0
Mrgpra9,0,0,0,0,0,0,0,0,0,1.540887223,0,0,0,0
Mrps18a,3.924935888,0,0,0,0,0,0,0,0,0,0,0,0,0
Ms4a1,0,0,0,0,0,0,0,0,0,0,1.479370072,0,0,0
Msc,0,0,0,0,0,0,6.359206553,0,0,0,0,0,0,0
Msh3,0,0,0,0,0,0,0,0,0,0,0,0,0.863448784,0
Msi1,0,0,0,0,0,0,0,0,0,0,0,0,1.00152334,0
Msmb,0,0,4.549080819,0,0,0,0,0,0,0,0,0,0,0
Msr1,0,0,0,0,0,0,0,0,-1.764838202,0,0,0,0,0
Mst1,0,0,0,0,0,0,0,-4.986885636,0,0,0,0,0,0
Msx1,0,0,0,0,0,0,0,0,0,0,0,0,4.130903892,0
Msx2,0,0,0,0,0,0,0,0,0,0,0,0,1.56657069,0
Mtmr9,6.130645599,0,0,0,0,0,0,0,0,0,0,0,0,0
Mut,0,-1.69086957,0,0,0,0,0,0,0,0,0,0,0,0
Mx1,0,0,0,0,9.692065635,0,0,0,0,0,0,0,0,0
Mx2,0,0,0,0,9.692065635,0,0,0,0,0,0,0,0,0
Mxi1,0,0,0,10.86092145,0,0,0,0,0,0,0,0,0,0
Myb,0,0,9.427780566,0,0,0,0,0,0,0,0,0,0,0
Mybpc1,4.608578693,0,0,0,0,0,0,0,0,0,0,0,0,0
Myd88,0,0,0,0,4.304430723,0,0,0,0,0,0,0,0,0
Myh14,0,0,-2.136546121,0,0,0,0,0,0,0,0,0,0,0
Mynn,-2.918804372,0,0,0,0,0,0,0,0,0,0,0,0,0
Myo1a,0,0.99477812,0,0,0,0,0,0,0,0,0,0,0,0
Myo1b,0,0,-5.474188821,0,0,0,0,0,0,0,0,0,0,0
Myo3a,0,0,0,0,0,0,0,0,0,0,0,-1.952178042,0,0
Myoc,0,0,0,0,0,0,0,0,0,0,1.001947096,0,0,0
Myoz1,0,0,0,0,0,0,0,0,4.96247485,0,0,0,0,0
Mzb1,0,0,0,0,0,0,0,0,0,0,0,-1.701307412,0,0
N4bp2l2,0,-1.594014646,0,0,0,0,0,0,0,0,0,0,0,0
Nadsyn1,0,0,0,0,0,0,0,0,0,0,0,0,0,3.83691258
Narf,0,0,0,4.095149125,0,0,0,0,0,0,0,0,0,0
Nbr1,0,-1.997203364,0,0,0,0,0,0,0,0,0,0,0,0
Ncam1,0,0,0,0,0,0,0,0,0,0,0,0,-0.87708643,0
Ncapd3,8.440901412,0,0,0,0,0,0,0,0,0,0,0,0,0
Nckap5,0,0,0,0,0,0,0,0,0,0,0,-8.071059398,0,0
Nckipsd,0,0,0,2.336982502,0,0,0,0,0,0,0,0,0,0
Ndrg1,0,0,0,22.08711949,0,0,0,0,0,0,0,0,0,0
Ndst3,0,0,0,0,0,0,0,0,0,0,0.966563798,0,0,0
Necap2,0,0,0,0,0,0,2.442793501,0,0,2.72740852,0,0,0,0
Nectin4,0,0,0,0,0,0,0,0,0,0,0,0,0,9.308876218
Nedd9,0,0,0,0,0,0,0,0,4.36119281,0,0,0,0,0
Nenf,0,0,0,0,0,0,0,-2.862233449,0,0,0,0,0,0
Nfam1,0,0,0,0,0,0,0,0,0,0,1.13890912,0,0,0
Nfkb1,0,0,0,0,0,0,9.513636221,0,0,9.348958018,0,0,0,0
Nfkb2,0,0,0,0,0,0,5.515575382,0,0,5.002450148,0,0,0,0
Nfkbia,0,0,0,0,0,0,11.44453371,0,0,12.56770044,0,0,0,0
Nfkbib,0,0,0,0,0,0,2.065595878,0,0,2.087127407,0,0,0,0
Nfkbie,0,0,0,0,0,0,8.211832848,0,0,10.35620537,0,0,0,0
Nfkbiz,0,0,0,0,0,0,15.12381584,0,0,0,0,0,0,0
Ngly1,0,0,0,3.504608648,0,0,0,0,0,0,0,0,0,0
Nid2,0,0,0,0,0,0,0,0,0,0,0,-4.917471725,0,0
Ninj1,0,0,0,0,0,0,8.012250579,0,0,8.560734677,0,0,0,0
Ninj2,0,0,0,0,0,0,0,0,3.875626596,0,0,0,0,0
Nkain1,0,0,4.731545678,0,0,0,0,0,0,0,0,0,0,0
Nkd2,0,0,0,0,0,0,0,0,0,0,0,3.895383726,0,0
Nkx3-1,10.6225511,0,0,0,0,0,2.372983299,0,0,2.871632769,0,0,0,0
Nlgn1,0,0,0,0,0,0,0,0,0,0,0,-5.618074933,0,0
Nlrc5,0,0,0,0,6.546845261,0,0,0,0,0,0,0,0,0
Nmi,0,0,0,0,7.432654588,0,0,0,0,0,0,0,0,0
Nnt,0,0,0,0,0,-1.819728215,0,0,0,0,0,0,0,0
Nol3,0,0,0,3.938029536,0,0,0,0,0,0,0,0,0,0
Nox1,0,0,0,0,0,0,0,0,-1.045763375,0,0,0,0,0
Nox4,0,0,0,0,0,0,0,0,5.913813152,0,0,0,0,0
Nppc,4.046115712,0,0,0,0,0,0,0,0,0,0,0,0,0
Npw,0,0,0,0,0,0,0,0,0,0,-2.200019787,0,0,0
Npy,0,0,0,0,0,0,0,0,0,0,1.606726273,0,0,0
Npy1r,0,0,10.66450593,0,0,0,0,0,0,0,0,0,0,0
Npy2r,0,0,0,0,0,0,0,0,0,0,0,0,1.387233871,0
Nr1d2,0,-3.083272449,0,0,0,0,0,0,0,0,0,0,0,0
Nr2e1,0,0,0,0,0,0,0,-2.721518098,0,0,0,0,0,0
Nr5a2,0,0,5.15006194,0,0,0,0,0,0,0,0,0,0,0
Nrf1,0,0,0,0,0,0,0,0,0,0,0,0,0,-2.351035148
Nrg3,0,0,0,0,0,0,0,0,0,0,0,-5.823747329,0,0
Nrip1,0,0,10.02001049,0,0,0,0,0,0,0,0,0,0,0
Nrn1,0,0,0,6.727516861,0,0,0,0,0,0,0,0,0,0
Nsmaf,3.284544518,0,0,0,0,0,0,0,0,0,0,0,0,0
Nt5e,0,0,0,0,0,5.838881391,0,0,0,0,0,0,0,0
Nt5m,0,0,0,0,0,0,0,-3.915130553,0,0,0,0,0,0
Ntf3,0,0,0,0,0,0,0,0,0,0,0,0,2.273889783,0
Nuak1,0,0,0,0,0,0,0,0,6.095429922,0,0,0,0,0
Nudt19,0,0,0,0,0,0,0,0,0,0,0,-9.111368058,0,0
Nup50,0,0,0,0,0,0.887355368,0,0,0,0,0,0,0,0
Oas1a,0,0,0,0,1.878589324,0,0,0,0,0,0,0,0,0
Oas1b,0,0,0,0,1.878589324,0,0,0,0,0,0,0,0,0
Oas1c,0,0,0,0,1.878589324,0,0,0,0,0,0,0,0,0
Oas1d,0,0,0,0,1.878589324,0,0,0,0,0,0,0,0,0
Oas1e,0,0,0,0,1.878589324,0,0,0,0,0,0,0,0,0
Oas1f,0,0,0,0,1.878589324,0,0,0,0,0,0,0,0,0
Oas1g,0,0,0,0,1.878589324,0,0,0,0,0,0,0,0,0
Oas1h,0,0,0,0,1.878589324,0,0,0,0,0,0,0,0,0
Oas2,0,0,0,0,9.624826434,0,0,0,0,0,0,0,0,0
Oas3,0,0,0,0,10.61884182,0,0,0,0,0,0,0,0,0
Oasl1,0,0,0,0,12.71072721,0,0,0,0,0,0,0,0,0
Odc1,0,4.678550829,0,0,0,0,0,0,0,0,0,0,0,0
Ogfr,0,0,0,0,2.042478138,0,0,0,0,0,0,0,0,0
Olfm1,0,0,3.752433109,0,0,0,0,0,0,0,0,0,0,0
Olfm2,0,0,0,0,0,0,0,0,2.065375989,0,0,0,0,0
Olfm4,0,0,0,0,0,0,0,0,0,0,0,0,-1.423150307,0
Olfr172,0,0,0,0,0,0,0,0,0,0,-0.630623027,0,0,0
Olfr173,0,0,0,0,0,0,0,0,0,0,-0.630623027,0,0,0
Olr1,0,0,0,0,0,0,7.842010286,0,0,0,0,0,0,0
Opcml,0,0,0,0,0,0,0,0,4.467950883,0,0,0,0,0
Oprk1,-5.626073536,0,0,0,0,0,0,0,0,0,0,0,0,0
P2rx1,0,0,0,0,0,0,0,0,2.758138292,0,0,0,0,0
P2ry14,0,0,0,0,0,0,0,0,0,0,0,2.830002095,0,0
P4ha1,0,0,0,11.06765669,0,0,0,0,0,0,0,0,0,0
P4ha2,0,0,0,6.280343557,0,0,0,0,0,0,0,0,0,0
Padi4,0,0,0,0,0,0,0,0,0,0,0,0,0,4.107730148
Pak1ip1,7.691931563,0,0,0,0,0,0,0,0,0,0,0,0,0
Pam,0,0,0,6.264296386,0,0,0,0,0,0,0,0,0,0
Parp12,0,0,0,0,6.944101053,0,0,0,0,0,0,0,0,0
Parp14,0,0,0,0,6.397283813,0,0,0,0,0,0,0,0,0
Parp9,0,0,0,0,8.715151859,0,0,0,0,0,0,0,0,0
Pawr,0,0,0,0,0,0,0,0,2.553434285,0,0,0,0,0
Pbld1,0,0,0,0,0,-0.988841892,0,0,0,0,0,0,0,0
Pbld2,0,0,0,0,0,-0.988841892,0,0,0,0,0,0,0,0
Pbx1,0,0,0,0,0,-2.999613265,0,0,0,0,0,0,0,0
Pcmtd2,0,-2.195375446,0,0,0,0,0,0,0,0,0,0,0,0
Pcp4,0,0,6.365200773,0,0,0,0,0,0,0,0,0,0,0
Pdap1,0,0,0,0,0,0,0,0,0,0,-1.370496603,0,0,0
Pde6c,0,0,0,0,0,0,0,0,0,0,0,0,0,3.014135403
Pde9a,2.900209396,0,0,0,0,0,0,0,0,0,0,0,0,0
Pdk1,0,0,0,13.1204494,0,0,0,0,0,0,0,0,0,0
Pdk3,0,0,0,4.399750739,0,0,0,0,0,0,0,0,0,0
Pdpn,0,0,0,0,0,0,0,0,0,2.354250679,0,0,0,0
Pex1,0,-1.661662409,0,0,0,0,0,0,0,0,0,0,0,0
Pex10,5.749460262,0,0,0,0,0,0,0,0,0,0,0,0,0
Pex11g,0,0,0,0,0,0,0,-4.454613643,0,0,0,0,0,0
Pfkfb3,0,0,0,14.54719208,0,0,0,0,0,0,0,0,0,0
Pfkfb4,0,0,0,8.940270839,0,0,0,0,0,0,0,0,0,0
Pfkl,0,0,0,3.544616389,0,0,0,0,0,0,0,0,0,0
Pfkp,0,0,0,9.233200906,0,0,0,0,0,0,0,0,0,0
Pgam1,0,0,0,6.378265135,0,0,0,0,0,0,0,0,0,0
Pgap1,0,0,0,0,0,0,0,0,0,0,0,0,0,5.574287107
Pgc,4.749633215,0,0,0,0,0,0,0,0,0,0,0,0,0
Pgf,0,0,0,0,0,0,0,0,0,0,0,0,0,4.454846512
Pgk1,0,0,0,9.993991394,0,0,0,0,0,0,0,0,0,0
Pgm2,0,0,0,7.885834616,0,0,0,0,0,0,0,0,0,0
Pgr,0,0,8.528142449,0,0,0,0,0,0,0,0,0,0,0
Phactr3,0,0,0,0,0,0,0,0,0,0,0,-9.249968612,0,0
Phc2,0,0,0,0,0,2.395401024,0,0,0,0,0,0,0,0
Phf11a,0,0,0,0,0.772346267,0,0,0,0,0,0,0,0,0
Phf11b,0,0,0,0,0.772346267,0,0,0,0,0,0,0,0,0
Phf11c,0,0,0,0,0.772346267,0,0,0,0,0,0,0,0,0
Phf11d,0,0,0,0,0.772346267,0,0,0,0,0,0,0,0,0
Phf8,1.869644936,0,0,0,0,0,0,0,0,0,0,0,0,0
Phlda1,0,6.619626129,0,0,0,7.045289229,0,0,0,0,0,0,0,0
Phlda2,0,3.505138341,0,0,0,3.858238654,0,0,0,0,0,0,0,0
Phlda3,0,0,0,0,0,0,0,0,0,0,0,0,0,6.790437343
Pidd1,0,0,0,0,0,0,0,0,0,0,0,0,0,5.960640724
Piezo2,0,0,0,0,0,0,0,0,0,0,0,-1.891097004,-1.051335092,0
Pik3c2b,0,0,0,0,0,-2.752686573,0,0,0,0,0,0,0,0
Pik3r3,0,0,-5.497496067,0,0,0,0,0,0,0,0,0,0,0
Pkhd1l1,0,0,0,0,0,0,0,0,0,0,0,-2.105204039,0,0
Pkm,0,0,0,4.745179717,0,0,0,0,0,0,0,0,0,0
Pknox2,0,0,0,0,0,0,0,0,2.04849174,0,0,0,0,0
Pla2r1,0,0,0,0,0,0,0,0,0,0,0,0,-1.1473081,0
Plac1,0,0,5.067116015,0,0,0,0,0,0,0,0,0,0,0
Plau,0,0,0,0,0,0,0,0,0,11.49288416,0,0,0,0
Plcb4,0,0,0,0,0,0,0,0,3.933890285,0,0,0,0,0
Plek2,0,3.439256964,0,0,0,0,0,0,0,0,0,0,0,0
Pln,0,0,0,0,0,0,0,0,2.748323222,0,0,0,0,0
Plod1,0,0,0,6.610224849,0,0,0,0,0,0,0,0,0,0
Plod2,0,0,0,13.60014401,0,0,0,0,0,0,0,0,0,0
Plpp2,0,0,-4.474760546,0,0,0,0,0,0,0,0,0,0,0
Plscr1,0,0,0,0,1.664712396,0,0,0,0,0,0,0,0,0
Plscr2,0,0,0,0,1.664712396,0,0,0,0,0,0,0,0,0
Pltp,0,0,0,0,0,0,0,0,0,0,0,0,0,6.885032885
Pmel,0,0,0,0,0,0,0,-6.590348248,0,0,0,0,0,0
Pmepa1,10.99891222,0,0,0,0,0,0,0,8.096140881,0,0,0,0,0
Pml,0,0,0,0,3.608525277,0,0,0,0,0,0,0,0,0
Pnisr,0,-1.595388043,0,0,0,0,0,0,0,0,0,0,0,0
Pnp,0,2.321809971,0,0,0,2.455232016,0,0,0,0,0,0,0,0
Pnp2,0,2.321809971,0,0,0,2.455232016,0,0,0,0,0,0,0,0
Podnl1,0,0,0,0,0,0,0,0,2.148909684,0,0,0,0,0
Polh,0,0,0,0,0,0,0,0,0,0,0,0,0,5.176012643
Polr3g,0,0,0,0,0,2.829483976,0,0,0,0,0,0,0,0
Pop4,0,0,0,-2.314412634,0,0,0,0,0,0,0,0,0,0
Pot1a,0,-0.916650429,0,0,0,0,0,0,0,0,0,0,0,0
Pot1b,0,-0.916650429,0,0,0,0,0,0,0,0,0,0,0,0
Ppfia4,0,0,0,10.83761456,0,0,0,0,0,0,0,0,0,0
Ppif,0,0,10.13080215,0,0,0,0,0,0,0,0,0,0,0
Ppm1d,0,0,0,0,0,0,0,0,0,0,0,0,0,6.249520581
Ppp2cb,2.352618003,0,0,0,0,0,0,0,0,0,0,0,0,0
Ppp2r5b,0,0,0,3.482583396,0,0,0,0,0,0,0,0,0,0
Ppp4r4,0,0,0,0,0,0,2.427471575,0,0,3.328054609,0,0,0,0
Prcp,0,0,0,0,0,-1.278684441,0,0,0,0,0,0,0,0
Prdm1,0,0,0,0,0,0,4.416532347,0,0,0,0,0,0,0
Prdm5,0,0,0,0,0,0,0,0,0,0,0,0,0.987983717,0
Prkab1,0,0,0,0,0,0,0,0,0,0,0,0,0,4.520029459
Prkd2,0,0,0,0,2.155494878,0,0,0,0,0,0,0,0,0
Prnp,0,0,0,0,0,2.597310807,0,0,0,0,0,0,0,0
Prss23,0,0,8.755222823,0,0,0,0,0,0,0,0,0,0,0
Prss53,0,0,0,1.974506232,0,0,0,0,0,0,0,0,0,0
Psmb8,0,0,0,0,5.869684021,0,0,0,0,0,0,0,0,0
Psmb9,0,0,0,0,8.158511506,0,0,0,0,0,0,0,0,0
Psmd8,3.657328361,0,0,0,0,0,0,0,0,0,0,0,0,0
Ptch1,0,0,0,0,0,0,0,0,0,0,0,-2.784163823,0,0
Pthlh,0,3.613976653,0,0,0,0,0,0,0,0,0,0,0,0
Ptx3,0,0,0,0,0,0,21.24789564,0,0,21.50273417,0,0,0,0
Pwp2,0,1.172488384,0,0,0,1.332212199,0,0,0,0,0,0,0,0
Qrsl1,0,0,0,-2.245297808,0,0,0,0,0,0,0,0,0,0
Rab20,0,0,0,4.256260325,0,0,0,0,0,0,0,0,0,0
Rab26,0,0,0,0,0,-3.438978272,0,0,0,0,0,0,0,0
Rab27b,0,0,-5.889145662,0,0,0,0,0,0,0,0,0,0,0
Rab33b,0,-1.783642816,0,0,0,0,0,0,0,0,0,0,0,0
Rab37,0,0,0,0,0,0,0,0,0,0,2.947927918,0,0,0
Rab3b,4.39309958,0,0,0,0,0,0,0,0,0,0,0,0,0
Rab5b,0,0,0,0,0,-2.080450642,0,0,0,0,0,0,0,0
Rab9,0,0,-6.007773157,0,0,0,0,0,0,0,0,0,0,0
Rabgap1,0,-1.269400259,0,0,0,0,0,0,0,0,0,0,0,0
Rag2,0,0,0,0,0,0,0,0,0,0,1.571449059,0,0,0
Rap2b,0,0,0,0,0,0,0,0,0,0,0,0,2.327078162,0
Rapgefl1,0,0,10.54489592,0,0,0,0,0,0,0,0,0,0,0
Rara,0,0,3.021580253,0,0,0,0,0,0,0,0,0,0,0
Rasd2,0,0,0,0,0,0,0,0,3.384557152,0,0,0,0,0
Rasgrp2,0,0,0,0,0,0,0,0,0,0,0,0,-1.283862411,0
Rasl11b,0,0,0,0,0,0,0,0,2.72300987,0,0,0,0,0
Rbbp8,0,0,6.834002848,0,0,0,0,0,0,0,0,0,0,0
Rbm48,0,-1.053774238,0,0,0,0,0,0,0,0,0,0,0,0
Rbms2,0,0,0,0,0,0,0,0,0,0,0,0,2.117300038,0
Rbpj,0,0,0,3.851456746,0,0,0,0,0,0,0,0,0,0
Rcl1,0,0,4.219247272,0,0,0,0,0,0,0,0,0,0,0
Rcor3,0,-1.670772393,0,0,0,0,0,0,0,0,0,0,0,0
Rel,0,0,0,0,0,0,4.709972557,0,0,0,0,0,0,0
Relb,0,0,0,0,0,0,7.779221973,0,0,9.264593785,0,0,0,0
Ret,0,0,10.71802678,0,0,0,0,0,0,0,0,0,0,0
Retsat,0,0,0,0,0,0,0,0,0,0,0,0,0,7.136727986
Rflnb,0,0,0,0,0,0,0,0,7.309130128,0,0,0,0,0
Rgl1,0,0,0,0,0,0,0,0,0,0,0,9.312973587,0,0
Rgs10,0,0,0,0,0,0,0,-3.880397339,0,0,0,0,0,0
Rgsl1,0,0,0,0,0,0,0,0,0,0,0.831747421,0,0,0
Rhbdf1,0,0,-3.658468433,0,0,0,0,0,0,0,0,0,0,0
Rhbdl2,0,0,0,0,0,0,0,0,0,3.677837371,0,0,0,0
Rhcg,0,0,0,0,0,0,0,0,0,3.101600356,0,0,0,0
Rhebl1,0,0,0,0,0,0,0,0,0,0,4.128711529,0,0,0
Rinl,0,0,0,0,0,0,0,0,0,0,0,0,0,4.514689687
Riok3,0,0,0,3.730301284,0,0,0,0,0,0,0,0,0,0
Ripk2,0,0,0,0,0,0,5.979752131,0,0,5.572407894,0,0,0,0
Rlf,0,0,0,7.070285475,0,0,0,0,0,0,0,0,0,0
Rln1,0,0,6.718523241,0,0,0,0,0,0,0,0,0,0,0
Rnaseh2b,0,0,0,0,0,0,0,0,0,0,0,0,1.056850879,0
Rnd1,0,0,0,0,0,0,0,0,0,4.684880683,0,0,0,0
Rnf114,0,0,0,0,2.491567549,0,0,0,0,0,0,0,0,0
Rnf138,0,0,0,0,0,2.355742207,0,0,0,0,0,0,0,0
Rnf146,0,-2.170821164,0,0,0,0,0,0,0,0,0,0,0,0
Rnf19b,0,0,0,0,0,0,6.707004337,0,0,0,0,0,0,0
Rnf213,0,0,0,0,4.937516057,0,0,0,0,0,0,0,0,0
Rnf24,0,0,0,3.853058942,0,0,0,0,0,0,0,0,0,0
Rnf43,0,0,-5.415987678,0,0,0,0,0,0,0,0,0,3.628182144,0
Rora,0,0,0,4.50877176,0,0,0,0,0,0,0,0,0,0
Rorb,0,0,0,0,0,0,0,0,0,0,0,-2.774477402,0,0
Rps27l,0,0,0,0,0,0,0,0,0,0,0,0,0,6.251164528
Rrm2b,0,0,0,0,0,0,0,0,0,0,0,0,0,10.63292768
Rrp12,0,0,0,0,0,0,0,0,0,0,-1.140568663,0,0,0
Rsad2,0,0,0,0,22.89872743,0,0,0,0,0,0,0,0,0
Rtp4,0,0,0,0,9.451139676,0,0,0,0,0,0,0,0,0
Rubcnl,0,0,0,0,0,0,0,0,0,0,0,0,2.900727333,0
Rusc2,0,0,0,0,0,0,0,0,2.353179566,0,0,0,0,0
Rxfp1,0,0,0,0,0,0,0,0,-2.27771793,0,0,0,0,0
S100a1,0,0,0,0,0,0,0,-3.988923956,0,0,0,0,0,0
Samd11,0,0,0,0,0,0,0,0,4.983084704,0,0,0,0,0
Samd9l,0,0,0,0,10.5628991,0,0,0,0,0,0,0,0,0
Samhd1,0,0,0,0,7.133444859,0,0,0,0,0,0,0,0,0
Sap30,0,0,0,2.905750988,0,0,0,0,0,0,0,0,0,0
Sbspon,0,0,0,0,0,0,0,0,0,0,0,0,1.47321021,0
Scap,2.92921089,0,0,0,0,0,0,0,0,0,0,0,0,0
Scml4,0,0,0,0,0,0,0,0,0,0,0,-1.878268206,0,0
Scn3b,0,0,0,0,0,0,0,0,0,0,0,0,0,4.859001751
Scpep1,0,0,0,0,0,-1.932565104,0,0,0,0,0,0,0,0
Sdc4,0,0,0,0,0,0,8.153400365,0,0,8.122776208,0,0,0,0
Sdccag3,0,0,0,0,0,1.564153677,0,0,0,0,0,0,0,0
Sdk2,0,0,1.877046259,0,0,0,0,0,0,0,0,0,0,0
Sec14l2,4.388527389,0,5.239077901,0,0,0,0,0,0,0,0,0,0,0
Sec31b,0,0,0,0,0,0,0,0,0,0,0,0,1.447082833,0
Sec61g,0,0,0,4.741112934,0,0,0,0,0,0,0,0,0,0
Sectm1a,0,0,0,0,2.996614942,0,0,0,0,0,0,0,0,0
Sectm1b,0,0,0,0,2.996614942,0,0,0,0,0,0,0,0,0
Sel1l3,0,0,0,0,0,0,0,0,0,0,0,0,-1.621881094,0
Selenop,6.336780581,0,0,0,0,0,0,0,0,0,0,0,0,0
Sema7a,0,0,0,0,0,0,0,0,3.894772045,0,0,0,0,0
Senp5,0,0,0,0,0,0,0,0,0,0,0,1.865549457,0,0
Senp7,0,-2.110343783,0,0,0,0,0,0,0,0,0,0,0,0
Serpina3a,0,0,0,0,0,0,0,0,0,1.140579932,0,0,0,0
Serpina3b,0,0,0,0,0,0,0,0,0,1.140579932,0,0,0,0
Serpina3c,0,0,0,0,0,0,0,0,0,1.140579932,0,0,0,0
Serpina3f,0,0,0,0,0,0,0,0,0,1.140579932,0,0,0,0
Serpina3g,0,0,0,0,0,0,0,0,0,1.140579932,0,0,0,0
Serpina3i,0,0,0,0,0,0,0,0,0,1.140579932,0,0,0,0
Serpina3j,0,0,0,0,0,0,0,0,0,1.140579932,0,0,0,0
Serpina3k,0,0,0,0,0,0,0,0,0,1.140579932,0,0,0,0
Serpina3m,0,0,0,0,0,0,0,0,0,1.140579932,0,0,0,0
Serpina3n,0,0,0,0,0,0,0,0,0,1.140579932,0,0,0,0
Serpinb5,0,0,0,0,0,0,0,0,0,0,0,0,0,4.79640561
Sesn1,0,0,0,0,0,0,0,0,0,0,0,0,0,12.5292289
Sfrp5,0,0,0,0,0,0,0,0,0,0,0,0,-1.079403642,0
Sgcg,0,0,-4.181813252,0,0,0,0,0,0,0,0,0,0,0
Sgk1,12.81684181,0,0,0,0,0,0,0,0,0,0,0,0,0
Sgpl1,0,0,0,0,0,0,0,0,2.583923273,0,0,0,0,0
Sgpp2,0,0,0,0,0,0,7.416978194,0,0,0,0,0,0,0
Sh2d5,0,2.432132976,0,0,0,0,0,0,0,0,0,0,0,0
Sh3bgrl,0,0,0,0,0,-2.723446509,0,0,0,0,0,0,0,0
Sh3bp4,0,0,-4.877742275,0,0,0,0,0,0,0,0,0,0,0
Sh3pxd2a,0,0,0,0,0,0,0,0,3.879791809,0,0,0,0,0
Siah2,0,0,9.436760938,0,0,0,0,0,0,0,0,0,0,0
Sidt1,0,0,-4.232046638,0,0,0,0,0,0,0,0,0,0,0
Sidt2,0,0,0,0,0,-2.752710875,0,0,0,0,0,0,0,0
Sirt2,0,0,0,0,0,-1.323283137,0,0,0,0,0,0,0,0
Sis,-5.795003074,0,0,0,0,0,0,0,0,0,0,0,0,0
Skil,0,0,0,0,0,0,0,0,4.274181219,0,0,0,0,0
Slc11a2,0,0,0,0,0,0,2.686648039,0,0,0,0,0,0,0
Slc15a2,5.139926651,0,0,0,0,0,0,0,0,0,0,0,0,0
Slc15a3,0,0,0,0,4.260739183,0,0,0,0,0,0,0,0,0
Slc18a1,0,0,0,0,0,0,0,4.652092527,0,0,0,0,0,0
Slc20a1,0,0,0,0,0,6.810352967,0,0,0,0,0,0,0,0
Slc22a21,0,0,3.869147832,0,0,0,0,0,0,0,0,0,0,0
Slc22a5,0,0,3.869147832,0,0,0,0,0,0,0,0,0,0,0
Slc25a24,0,0,3.665481605,0,0,0,0,0,0,0,0,0,0,0
Slc25a28,0,0,0,0,3.933461654,0,0,0,0,0,0,0,0,0
Slc25a36,0,0,0,5.32904399,0,0,0,0,0,0,0,0,0,0
Slc26a4,0,0,0,0,0,0,0,-3.738839891,0,0,0,0,0,0
Slc27a1,0,0,0,0,0,0,0,-8.32992084,0,0,0,0,0,0
Slc2a1,0,0,0,8.67915398,0,0,0,0,0,0,0,0,0,0
Slc2a6,0,0,0,0,0,0,9.729988099,0,0,10.24910834,0,0,0,0
Slc35f2,0,0,0,0,0,2.850982002,0,0,0,0,0,0,0,0
Slc38a4,7.363804938,0,0,0,0,0,0,0,0,0,0,0,0,0
Slc41a2,0,0,0,0,0,0,4.915006504,0,0,5.35799494,0,0,0,0
Slc44a5,0,0,0,0,0,0,0,0,0,0,0,0,0,5.04342092
Slc45a3,0,1.902438902,0,0,0,0,0,0,0,0,0,0,0,0
Slc4a7,0,0,0,0,0,2.709494994,0,0,0,0,0,0,0,0
Slc7a5,0,0,11.22406895,0,0,0,0,0,0,0,0,0,0,0
Slc7a8,0,0,0,0,0,0,0,0,0,0,0,0,-2.484372992,0
Slc7a9,0,0,0,0,0,0,0,0,0,0,1.215710769,0,0,0
Slc9a1,0,0,-2.594426573,0,0,0,0,0,0,0,0,0,0,0
Slco2a1,0,0,0,0,0,0,0,0,4.869788433,0,0,0,0,0
Slco4a1,0,0,0,0,0,4.084538144,0,0,0,0,0,0,0,0
Slitrk3,-3.320643613,0,0,0,0,0,0,0,0,0,0,0,0,0
Smad1,0,0,0,0,0,0,0,0,0,0,0,-3.801111564,0,0
Smad6,0,0,0,0,0,0,0,0,2.798265386,0,0,0,0,0
Smad7,0,0,0,0,0,0,0,0,7.631143375,0,0,0,0,0
Smco3,0,0,0,0,0,0,0,0,0,0,0,-2.101984572,0,0
Smim10l2a,0,0,0,0,0,0,0,0,0,0,0,0,0,6.372565195
Smim19,0,0,0,0,0,0,0,-7.210559012,0,0,0,0,0,0
Smurf1,0,0,0,0,0,0,0,0,1.538153233,0,0,0,0,0
Smurf2,0,0,0,0,0,3.030161763,0,0,0,0,0,0,0,0
Snai1,0,0,0,0,0,0,0,0,3.568173931,0,0,0,0,0
Snai2,19.82150899,0,0,0,0,0,0,0,0,0,0,0,0,0
Sncaip,0,0,0,0,0,0,0,0,0,0,0,0,1.436350147,0
Sntb1,0,0,0,0,0,0,0,0,0,0,0,0,1.768492584,0
Snx24,0,0,6.899355717,0,0,0,0,0,0,0,0,0,0,0
Socs3,0,0,0,0,0,0,4.511914559,0,0,0,0,0,0,0
Sod2,0,0,0,0,0,0,11.15615017,0,0,13.62311027,0,0,0,0
Sord,5.777565784,0,0,0,0,0,0,0,0,0,0,0,0,0
Sp100,0,0,0,0,3.407186285,0,0,0,0,0,0,0,0,0
Sp110,0,0,0,0,8.678712721,0,0,0,0,0,0,0,0,0
Spag4,0,0,0,10.21307147,0,0,0,0,0,0,0,0,0,0
Spag6,0,0,0,0,0,0,0,0,0,0,0,-1.570915269,0,0
Spata18,0,0,0,0,0,0,0,0,0,0,0,0,0,7.848997965
Spata2l,0,1.756497668,0,0,0,0,0,0,0,0,0,0,0,0
Spdef,3.750951285,0,0,0,0,0,0,0,0,0,0,0,0,0
Specc1,0,0,0,0,0,0,0,0,2.574113753,0,0,0,0,0
Spg11,0,0,0,0,0,-1.337883685,0,0,0,0,0,0,0,0
Sphk1,0,0,0,0,0,0,0,0,6.090111539,0,0,0,0,0
Spink2,0,0,0,0,0,0,0,0,0,0,1.333166094,-1.891189378,0,0
Spocd1,0,4.295689401,0,0,0,0,0,0,0,0,0,0,0,0
Spred1,0,0,0,0,0,6.209948244,0,0,0,0,0,0,0,0
Spred2,0,0,0,0,0,3.501834641,0,0,0,0,0,0,0,0
Spry2,0,0,0,0,0,9.481584748,0,0,0,0,0,0,0,0
Spry4,0,0,0,0,0,10.11447054,0,0,0,0,0,0,0,0
Spsb3,0,0,0,0,0,0,0,-6.533728558,0,0,0,0,0,0
Srgap2,0,0,0,0,0,0,0,0,0,0,0,-4.340003644,0,0
Srgap3,0,0,0,0,0,0,0,0,0,0,0,0,0,2.518547605
Srgn,0,0,0,0,0,0,0,0,0,3.951328386,0,0,0,0
Srp14,0,0,0,0,0,-1.594412343,0,0,0,0,0,0,0,0
Stag1,0,0,0,0,0,0,0,0,0,0,0,0,0,-3.865113349
Stat1,0,0,0,0,9.083936566,0,0,0,0,0,0,0,0,0
Stat2,0,0,0,0,4.147176068,0,0,0,0,0,0,0,0,0
Stat5a,0,0,0,0,0,0,3.986561003,0,0,0,0,0,0,0
Stc2,0,0,10.28605171,0,0,0,0,0,0,0,0,0,0,0
Steap4,9.194339311,0,0,0,0,0,0,0,0,0,0,0,0,0
Stfa1,0,0,0,0,0,0,0,0,0,0,0,0,0,0.750506475
Stfa2,0,0,0,0,0,0,0,0,0,0,0,0,0,0.750506475
Stfa2l1,0,0,0,0,0,0,0,0,0,0,0,0,0,0.750506475
Stfa3,0,0,0,0,0,0,0,0,0,0,0,0,0,0.750506475
Stk39,6.93412462,0,0,0,0,0,0,0,0,0,0,0,0,0
Stx11,0,0,0,0,0,0,4.525232449,0,0,0,0,0,0,0
Stx1a,0,0,0,0,0,2.215151214,0,0,0,0,0,0,0,0
Stx6,0,0,0,0,0,0,0,0,0,0,0,0,0,3.465799996
Stx8,0,0,0,0,0,-1.106406425,0,0,0,0,0,0,0,0
Syf2,0,-1.407635752,0,0,0,0,0,0,0,0,0,0,0,0
Syk,0,0,0,0,0,0,0,0,0,0,0,0,-1.724703712,0
Syndig1,0,0,0,0,0,0,0,0,1.83640386,0,0,0,0,0
Syt12,0,0,0,0,0,0,0,0,0,0,0,0,-1.253260757,0
Syt15,0,0,0,0,0,0,0,0,3.857743154,0,0,0,0,0
Sytl2,-5.389536157,0,0,0,0,0,0,0,0,0,0,0,0,0
Tacc1,0,0,-3.374867372,0,0,0,0,0,0,0,0,0,0,0
Tap1,0,0,0,0,9.777638343,0,0,0,0,0,0,0,0,0
Tap2,0,0,0,0,3.592260361,0,0,0,0,0,0,0,0,0
Tapbp,0,0,0,0,0,0,0,0,0,3.979742517,0,0,0,0
Tbc1d15,0,0,0,0,0,0,0,-5.41263104,0,0,0,0,0,0
Tcof1,0,0,0,0,0,2.211578055,0,0,0,0,0,0,0,0
Tdrd7,0,0,0,0,6.56664682,0,0,0,0,0,0,0,0,0
Tdrkh,0,0,0,0,0,0,0,0,0,0,0,0,-1.710273694,0
Tec,0,0,0,0,0,0,0,0,0,0,2.051321639,0,0,0
Tespa1,0,0,0,0,0,0,0,0,0,0,0.966658874,0,0,0
Tex37,0,0,0,0,0,0,0,0,0,0,0,0,0,3.038482578
Tfdp2,0,0,0,0,0,0,0,-5.673588227,0,0,0,0,0,0
Tff1,0,0,14.43025473,0,0,0,0,0,0,0,0,0,0,0
Tgfb3,0,0,-5.330267895,0,0,0,0,0,0,0,0,0,0,0
Thnsl2,0,0,0,0,0,0,0,-4.318340579,0,0,0,0,0,0
Tiam1,0,0,4.473483683,0,0,0,0,0,0,0,0,0,0,0
Ticam1,0,0,0,0,0,0,3.492084674,0,0,3.463756663,0,0,0,0
Tifa,0,0,0,0,0,0,5.144112446,0,0,6.052292772,0,0,0,0
Tigar,0,0,0,0,0,0,0,0,0,0,0,0,0,10.15149541
Tldc2,0,0,0,0,0,0,0,0,0,0,1.747164456,0,0,0
Tle1,0,0,-4.102172571,0,0,0,0,0,0,0,0,0,0,0
Tle4,0,0,0,0,0,0,0,0,0,0,0,0,-1.733472069,0
Tll1,-2.463918077,0,0,0,0,0,0,0,0,0,0,0,0,0
Tlr2,0,0,0,0,0,0,5.414219976,0,0,7.039357768,0,0,0,0
Tmcc3,0,0,0,0,0,0,0,0,0,0,0,7.271993919,0,0
Tmem135,0,0,-3.503201549,0,0,0,0,0,0,0,0,0,0,0
Tmem140,0,0,0,0,5.107141044,0,0,0,0,0,0,0,0,0
Tmem217,0,0,0,0,0,0,3.35381326,0,0,4.03815068,0,0,0,0
Tmem259,0,0,0,0,0,0,0,0,0,0,-1.490116466,0,0,0
Tmem42,0,0,0,0,0,0,0,-7.989326748,0,0,0,0,0,0
Tmem45a,0,0,0,8.93840008,0,0,0,0,0,0,0,0,0,0
Tmem45a2,0,0,0,8.93840008,0,0,0,0,0,0,0,0,0,0
Tmem59,0,-1.864066427,0,0,0,-2.264272963,0,0,0,0,0,0,0,0
Tmem62,0,0,0,0,2.306935299,0,0,0,0,0,0,0,0,0
Tmem63b,0,0,0,0,0,0,0,0,0,0,0,0,0,4.807352227
Tmem74,0,0,0,0,0,0,0,0,0,0,1.232064792,0,0,0
Tmprss2,11.49063074,0,0,0,0,0,0,0,0,0,0,0,0,0
Tmub2,0,0,0,0,0,-1.67381618,0,0,0,0,0,0,0,0
Tmx2,0,0,0,-3.697944018,0,0,0,0,0,0,0,0,0,0
Tnf,0,0,0,0,0,0,18.63926206,0,0,0,0,0,0,0
Tnfaip1,0,0,0,0,0,0,0,0,0,2.778549385,0,0,0,0
Tnfaip2,0,0,0,0,0,0,10.91080739,0,0,12.2137267,0,0,0,0
Tnfaip3,0,0,0,0,0,0,28.37375231,0,0,35.40071755,0,0,0,0
Tnfaip6,0,0,0,0,0,0,19.18226346,0,0,0,0,0,0,0
Tnfaip8,0,0,0,0,0,0,4.936823805,0,0,0,0,0,0,0
Tnfrsf10b,0,0,0,0,0,2.586522164,0,0,0,0,0,0,0,3.004729694
Tnfrsf9,0,0,0,0,0,0,5.996059048,0,0,0,0,0,0,0
Tnfsf15,0,0,0,0,0,0,6.245847275,0,0,0,0,0,0,0
Tnfsf4,0,0,0,0,0,0,0,0,5.503893035,0,0,0,0,0
Tnip1,0,0,0,0,0,0,6.134726677,0,0,6.429594434,0,0,0,0
Tnip2,0,0,0,0,0,0,3.310727351,0,0,3.394289978,0,0,0,0
Tnip3,0,0,0,0,0,0,8.259340938,0,0,0,0,0,0,0
Tnni3,0,0,0,0,0,0,0,-3.672194422,0,0,0,0,0,0
Tns3,0,0,0,0,0,-2.726463813,0,0,0,0,0,0,0,0
Top1,0,0,0,0,0,3.633408801,0,0,0,0,0,0,0,0
Tpd52,4.545711375,0,0,0,0,0,0,0,0,0,0,0,0,0
Tpd52l1,0,0,10.08551335,0,0,0,0,0,0,0,0,0,0,0
Tph1,0,0,0,0,0,0,0,0,0,0,0,0,1.014434232,0
Tpm1,0,0,0,0,0,0,0,0,4.595360809,0,0,0,0,0
Tppp,0,0,0,0,0,0,0,-2.543118161,0,0,0,0,0,0
Traf1,0,0,0,0,0,0,10.3355766,0,0,9.396001195,0,0,0,0
Trank1,0,0,0,0,3.588874685,0,0,0,0,0,0,0,0,0
Trh,0,0.771964661,0,0,0,0,0,0,0,0,0,0,0,0
Triap1,0,0,0,0,0,0,0,0,0,0,0,0,0,6.422788982
Trib1,0,3.917794383,0,0,0,4.182943072,0,0,0,0,0,0,0,0
Trim12a,0,0,0,0,0.570581724,0,0,0,0,0,0,0,0,0
Trim12c,0,0,0,0,0.570581724,0,0,0,0,0,0,0,0,0
Trim14,0,0,0,0,3.037958851,0,0,0,0,0,0,0,0,0
Trim21,0,0,0,0,6.674188117,0,0,0,0,0,0,0,0,0
Trim25,0,0,0,0,3.414130921,0,0,0,0,0,0,0,0,0
Trim30a,0,0,0,0,0.570581724,0,0,0,0,0,0,0,0,0
Trim30c,0,0,0,0,0.570581724,0,0,0,0,0,0,0,0,0
Trim30d,0,0,0,0,0.570581724,0,0,0,0,0,0,0,0,0
Trim38,0,0,0,0,3.492726146,0,0,0,0,0,0,0,0,0
Trim47,0,0,0,0,0,0,0,0,0,5.244304088,0,0,0,0
Trim5,0,0,0,0,0.570581724,0,0,0,0,0,0,0,0,0
Trim63,0,0,0,0,0,0,0,-5.528597674,0,0,0,0,0,0
Trim72,0,0,0,0,0,0,0,0,0,0,1.586638555,0,0,0
Trip10,0,0,0,0,0,0,4.167561749,0,0,0,0,0,0,0
Trmt2b,0,0,0,0,0,0,0,0,0,0,0,0,1.800028425,0
Trp53inp1,0,0,0,0,0,0,0,0,0,0,0,0,0,8.658382263
Trpm8,3.835418689,0,0,0,0,0,0,0,0,0,0,0,0,0
Tshz2,0,0,0,0,0,0,0,0,0,0,0,0,-1.233886448,0
Tspan2,0,0,0,0,0,0,0,0,5.502326116,0,0,0,0,0
Tspan3,-3.046948236,0,0,0,0,0,0,0,0,0,0,0,0,0
Ttc12,0,0,0,0,0,0,0,-3.184873043,0,0,0,0,0,0
Ttc28,0,0,0,0,0,0,0,0,0,0,0,-2.073896422,0,0
Ttc33,0,-1.384408982,0,0,0,0,0,0,0,0,0,0,0,0
Tubb4b,0,4.084510208,0,0,0,0,0,0,0,0,0,0,0,0
Tuft1,0,0,0,0,0,0,0,0,6.010991297,0,0,0,0,0
Tymp,0,0,0,0,0,0,0,0,0,4.018625143,0,0,0,0
Tyr,0,0,0,0,0,0,0,-5.076854089,0,0,0,0,0,0
Uap1,7.622359429,0,0,0,0,0,0,0,0,0,0,0,0,0
Uap1l1,0,0,0,0,0,0,0,0,0,0,2.797372356,0,0,0
Uba2,0,0,0,0,0,2.079878488,0,0,0,0,0,0,0,0
Ubald2,0,0,0,0,0,0,0,-9.985377465,0,0,0,0,0,0
Ubash3b,0,0,0,0,0,4.967624012,0,0,0,0,0,0,0,0
Ube2j1,3.760021034,0,0,0,0,0,0,0,0,0,0,0,0,0
Ube2l6,0,0,0,0,8.215585126,0,0,0,0,0,0,0,0,0
Ube2z,0,0,0,0,0,0,2.152932766,0,0,2.248799622,0,0,0,0
Unc5b,0,0,0,0,0,0,0,0,3.833819522,0,0,0,0,0
Unc5d,0,0,0,0,0,0,0,0,0,0,0,-2.539427549,0,0
Upk1b,0,0,0,0,0,0,0,0,0,0,0,0,1.620503964,0
Upk2,0,0,-3.38692225,0,0,0,0,0,0,0,0,0,0,0
Usp18,0,0,0,0,12.17801175,0,0,0,0,0,0,0,0,0
Usp43,0,0,0,0,0,0,0,0,0,3.449224556,0,0,0,0
Uxs1,0,0,0,0,0,0,0,0,0,4.234970822,0,0,0,0
Vamp5,0,0,0,0,0,0,0,-4.361074003,0,0,0,0,0,0
Vash2,0,0,0,0,0,0,0,0,0,0,0,-3.043760196,0,0
Vaultrc5,0,0,0,0,0,0,0,0,0,0,0,6.15745217,0,0
Vav3,0,-3.386485036,0,0,0,0,0,0,0,0,0,0,0,0
Vegfa,0,0,0,10.61289893,0,0,0,0,0,0,0,0,0,0
Vhl,0,0,0,0,0,0,0,0,0,0,-1.192308107,0,0,0
Vldlr,0,0,0,10.26633414,0,0,0,0,0,0,0,0,0,0
Vpreb1,0,0,0,0,0,0,0,0,0,0,0,-1.589845085,0,0
Vpreb2,0,0,0,0,0,0,0,0,0,0,0,-1.589845085,0,0
Vpreb3,0,0,0,0,0,0,0,0,0,0,0,-3.392337935,0,0
Vwa8,0,0,0,0,0,0,0,0,0,0,0,-3.60680434,0,0
Wdr19,0,-1.493789424,0,0,0,0,0,0,0,0,0,0,0,0
Wdr3,0,0,0,0,0,2.299115299,0,0,0,0,0,0,0,0
Wdr31,0,0,0,0,0,0,0,-3.943838782,0,0,0,0,0,0
Wdr45b,0,0,0,4.504362332,0,0,0,0,0,0,0,0,0,0
Wdr54,0,0,0,5.695501642,0,0,0,0,0,0,0,0,0,0
Wdr63,0,0,0,0,0,0,0,0,0,0,0,0,0,13.09840588
Wdr78,0,0,0,0,0,0,0,-3.627122575,0,0,0,0,0,0
Wfdc10,0,0,0,0,0,0,0,0,0,0,1.598195959,0,0,0
Wfdc2,0,0,0,0,0,0,0,0,0,0,0,0,-1.31768738,0
Wfs1,0,0,4.21639521,0,0,0,0,0,0,0,0,0,0,0
Wipi2,0,0,0,0,0,0,0,-3.15306606,0,0,0,0,0,0
Wnt16,0,0,0,0,0,0,0,0,0,0,0,-2.038011228,0,0
Wnt8a,0,0,0,0,0,0,0,0,0,0,-1.84696161,0,0,0
Wsb1,0,0,0,7.024224348,0,0,0,0,0,0,0,0,0,0
Wtap,0,0,0,0,0,0,3.766634403,0,0,3.221528199,0,0,0,0
Wwc1,0,0,5.587438014,0,0,0,0,0,0,0,0,0,0,0
Xaf1,0,0,0,0,8.780286115,0,0,0,0,0,0,0,0,0
Xbp1,0,0,5.715308445,0,0,0,0,0,0,0,0,0,0,0
Xk,0,0,0,0,0,0,0,0,0,0,0,-4.115595055,0,0
Xkr4,0,0,0,0,0,0,0,0,0,0,0,-3.632515764,0,0
Xpc,0,0,0,0,0,0,0,0,0,0,0,0,0,6.587026009
Xrcc3,0,1.487957075,0,0,0,1.543756562,0,0,0,0,0,0,0,0
Xrcc4,0,0,0,0,0,0,0,0,3.377231862,0,0,0,0,0
Xylt1,0,0,0,0,0,0,0,0,3.197715603,0,0,0,0,0
Ybx2,0,0,0,0,0,0,0,-4.419857345,0,0,0,0,0,0
Yeats2,0,0,0,5.353127517,0,0,0,0,0,0,0,0,0,0
Yipf5,0,0,0,0,0,0,0,0,2.811936356,0,0,0,0,0
Yrdc,0,0,0,0,0,3.625646429,0,0,0,0,0,0,0,0
Zbed5,0,-3.116848774,0,0,0,0,0,0,0,0,0,0,0,0
Zbp1,0,0,0,0,1.94145156,0,0,0,0,0,0,0,0,0
Zbtb16,10.61443694,0,0,0,0,0,0,0,0,0,0,0,0,0
Zbtb25,0,0,0,3.419058808,0,0,0,0,0,0,0,0,0,0
Zbtb3,0,0,0,0,0,-1.569163973,0,0,0,0,0,0,0,0
Zc3hav1,0,0,0,0,5.133726993,0,0,0,0,0,0,0,0,0
Zdhhc7,0,0,-4.830932563,0,0,0,0,0,0,0,0,0,0,0
Zfp160,0,0,0,1.356962113,0,0,0,0,0,0,0,1.515526825,0,0
Zfp266,0,0,0,0,0,0,0,0,0,0,0,0,0,10.1232182
Zfp292,0,0,0,6.023938112,0,0,0,0,0,0,0,0,0,0
Zfp30,0,0,0,0,0,0,0,0,0,0,0,0,1.535660319,0
Zfp395,0,0,0,8.060934044,0,0,0,0,0,0,0,0,0,0
Zfp451,0,-1.056006881,0,0,0,0,0,0,0,0,0,0,0,0
Zfp457,0,0,0,0,0,0,0,0,0,0,0,-0.455614555,0.223206904,0
Zfp568,0,-1.903966942,0,0,0,0,0,0,0,0,0,0,0,0
Zfp595,0,0,0,0,0,0,0,0,0,0,0,-0.455614555,0.223206904,0
Zfp597,0,0,0,0,0,0,0,0,0,0,0,3.020880055,0,0
Zfp65,0,0,0,0,0,0,0,0,0,0,0,-0.455614555,0.223206904,0
Zfp654,0,0,0,4.288061963,0,0,0,0,0,0,0,0,0,0
Zfp759,0,0,0,0,0,0,0,0,0,0,0,-0.455614555,0.223206904,0
Zfp94,0,0,0,0,0,0,0,0,0,0,0,0,2.195658227,0
Zfp953,0,0,0,0,0,0,0,0,0,0,0,-0.455614555,0.223206904,0
Zmat3,0,0,0,0,0,0,0,0,0,0,0,0,0,7.956698265
Zmpste24,0,0,0,-4.392340278,0,0,0,0,0,0,0,0,0,0
Znfx1,0,0,0,0,6.496398214,0,0,0,0,0,0,0,0,0
Znrf4,0,0,0,0,0,0,0,0,0,0,1.033885419,0,0,0
Zscan2,0,0,0,0,0,0,0,-3.158743454,0,0,0,0,0,0
Zscan4-ps1,0,0,0,0,0,0,0,0,0,0,0,0,0,0.397932813
Zscan4-ps2,0,0,0,0,0,0,0,0,0,0,0,0,0,0.397932813
Zscan4-ps3,0,0,0,0,0,0,0,0,0,0,0,0,0,0.397932813
Zscan4b,0,0,0,0,0,0,0,0,0,0,0,0,0,0.397932813
Zscan4c,0,0,0,0,0,0,0,0,0,0,0,0,0,0.397932813
Zscan4d,0,0,0,0,0,0,0,0,0,0,0,0,0,0.397932813
Zscan4e,0,0,0,0,0,0,0,0,0,0,0,0,0,0.397932813
Zscan4f,0,0,0,0,0,0,0,0,0,0,0,0,0,0.397932813
